filename,elapsed_time,input_size,output_size,format,video_codec,audio_codec,wasm,index,browser
"earth.mp4",7.158709999988787,1570024,1322592,"matroska","mpeg4","aac",1,1,"Chrome 77 (macOS)"
"earth.mp4",6.380874999973457,1570024,1322592,"matroska","mpeg4","aac",1,2,"Chrome 77 (macOS)"
"earth.mp4",6.411274999962188,1570024,1322592,"matroska","mpeg4","aac",1,3,"Chrome 77 (macOS)"
"earth.mp4",6.520250000001397,1570024,1322592,"matroska","mpeg4","aac",1,4,"Chrome 77 (macOS)"
"earth.mp4",6.430869999981951,1570024,1322592,"matroska","mpeg4","aac",1,5,"Chrome 77 (macOS)"
"earth.mp4",6.399135000014212,1570024,1322592,"matroska","mpeg4","aac",1,6,"Chrome 77 (macOS)"
"earth.mp4",6.449459999974351,1570024,1322592,"matroska","mpeg4","aac",1,7,"Chrome 77 (macOS)"
"earth.mp4",6.1296800000127405,1570024,1322592,"matroska","mpeg4","aac",1,8,"Chrome 77 (macOS)"
"earth.mp4",6.697159999981523,1570024,1322592,"matroska","mpeg4","aac",1,9,"Chrome 77 (macOS)"
"earth.mp4",6.9253549999557436,1570024,1322592,"matroska","mpeg4","aac",1,10,"Chrome 77 (macOS)"
"earth.mp4",6.395094999985304,1570024,1322592,"matroska","mpeg4","aac",1,11,"Chrome 77 (macOS)"
"earth.mp4",6.5508649999974295,1570024,1322592,"matroska","mpeg4","aac",1,12,"Chrome 77 (macOS)"
"earth.mp4",6.428959999990184,1570024,1322592,"matroska","mpeg4","aac",1,13,"Chrome 77 (macOS)"
"earth.mp4",6.4271849999786355,1570024,1322592,"matroska","mpeg4","aac",1,14,"Chrome 77 (macOS)"
"earth.mp4",6.428630000038538,1570024,1322592,"matroska","mpeg4","aac",1,15,"Chrome 77 (macOS)"
"earth.mp4",6.433755000005476,1570024,1322592,"matroska","mpeg4","aac",1,16,"Chrome 77 (macOS)"
"earth.mp4",6.452274999988731,1570024,1322592,"matroska","mpeg4","aac",1,17,"Chrome 77 (macOS)"
"earth.mp4",6.446029999991879,1570024,1322592,"matroska","mpeg4","aac",1,18,"Chrome 77 (macOS)"
"earth.mp4",6.226920000044629,1570024,1322592,"matroska","mpeg4","aac",1,19,"Chrome 77 (macOS)"
"earth.mp4",6.434164999984205,1570024,1322592,"matroska","mpeg4","aac",1,20,"Chrome 77 (macOS)"
"earth.mp4",6.73427499999525,1570024,1322592,"matroska","mpeg4","aac",1,21,"Chrome 77 (macOS)"
"earth.mp4",6.40570999996271,1570024,1322592,"matroska","mpeg4","aac",1,22,"Chrome 77 (macOS)"
"earth.mp4",6.309944999986328,1570024,1322592,"matroska","mpeg4","aac",1,23,"Chrome 77 (macOS)"
"earth.mp4",6.372365000017453,1570024,1322592,"matroska","mpeg4","aac",1,24,"Chrome 77 (macOS)"
"earth.mp4",6.403654999972787,1570024,1322592,"matroska","mpeg4","aac",1,25,"Chrome 77 (macOS)"
"earth.mp4",6.555624999979045,1570024,1322592,"matroska","mpeg4","aac",1,26,"Chrome 77 (macOS)"
"earth.mp4",6.479545000009239,1570024,1322592,"matroska","mpeg4","aac",1,27,"Chrome 77 (macOS)"
"earth.mp4",6.201110000023618,1570024,1322592,"matroska","mpeg4","aac",1,28,"Chrome 77 (macOS)"
"earth.mp4",6.169255000015255,1570024,1322592,"matroska","mpeg4","aac",1,29,"Chrome 77 (macOS)"
"earth.mp4",6.461855000001378,1570024,1322592,"matroska","mpeg4","aac",1,30,"Chrome 77 (macOS)"
"earth.mp4",6.653345000057016,1570024,1322592,"matroska","mpeg4","aac",1,31,"Chrome 77 (macOS)"
"earth.mp4",6.411965000035707,1570024,1322592,"matroska","mpeg4","aac",1,32,"Chrome 77 (macOS)"
"earth.mp4",6.432250000012573,1570024,1322592,"matroska","mpeg4","aac",1,33,"Chrome 77 (macOS)"
"earth.mp4",6.454919999989215,1570024,1322592,"matroska","mpeg4","aac",1,34,"Chrome 77 (macOS)"
"earth.mp4",6.472620000015013,1570024,1322592,"matroska","mpeg4","aac",1,35,"Chrome 77 (macOS)"
"earth.mp4",6.3161249999538995,1570024,1322592,"matroska","mpeg4","aac",1,36,"Chrome 77 (macOS)"
"earth.mp4",6.442780000041239,1570024,1322592,"matroska","mpeg4","aac",1,37,"Chrome 77 (macOS)"
"earth.mp4",6.381515000015497,1570024,1322592,"matroska","mpeg4","aac",1,38,"Chrome 77 (macOS)"
"earth.mp4",6.281430000031833,1570024,1322592,"matroska","mpeg4","aac",1,39,"Chrome 77 (macOS)"
"earth.mp4",6.415585000009742,1570024,1322592,"matroska","mpeg4","aac",1,40,"Chrome 77 (macOS)"
"earth.mp4",6.514204999955837,1570024,1322592,"matroska","mpeg4","aac",1,41,"Chrome 77 (macOS)"
"earth.mp4",6.370564999990165,1570024,1322592,"matroska","mpeg4","aac",1,42,"Chrome 77 (macOS)"
"earth.mp4",6.425384999951348,1570024,1322592,"matroska","mpeg4","aac",1,43,"Chrome 77 (macOS)"
"earth.mp4",6.463499999954365,1570024,1322592,"matroska","mpeg4","aac",1,44,"Chrome 77 (macOS)"
"earth.mp4",6.455314999970142,1570024,1322592,"matroska","mpeg4","aac",1,45,"Chrome 77 (macOS)"
"earth.mp4",6.675065000017639,1570024,1322592,"matroska","mpeg4","aac",1,46,"Chrome 77 (macOS)"
"earth.mp4",6.384880000026897,1570024,1322592,"matroska","mpeg4","aac",1,47,"Chrome 77 (macOS)"
"earth.mp4",6.514915000007022,1570024,1322592,"matroska","mpeg4","aac",1,48,"Chrome 77 (macOS)"
"earth.mp4",6.465389999968465,1570024,1322592,"matroska","mpeg4","aac",1,49,"Chrome 77 (macOS)"
"earth.mp4",6.397075000044424,1570024,1322592,"matroska","mpeg4","aac",1,50,"Chrome 77 (macOS)"
"earth.mp4",15.339280000014696,1570024,1322592,"matroska","mpeg4","aac",0,1,"Chrome 77 (macOS)"
"earth.mp4",15.315119999984745,1570024,1322592,"matroska","mpeg4","aac",0,2,"Chrome 77 (macOS)"
"earth.mp4",15.228409999981523,1570024,1322592,"matroska","mpeg4","aac",0,3,"Chrome 77 (macOS)"
"earth.mp4",15.079704999981914,1570024,1322592,"matroska","mpeg4","aac",0,4,"Chrome 77 (macOS)"
"earth.mp4",15.124445000023115,1570024,1322592,"matroska","mpeg4","aac",0,5,"Chrome 77 (macOS)"
"earth.mp4",15.107380000001285,1570024,1322592,"matroska","mpeg4","aac",0,6,"Chrome 77 (macOS)"
"earth.mp4",15.416820000042208,1570024,1322592,"matroska","mpeg4","aac",0,7,"Chrome 77 (macOS)"
"earth.mp4",15.054275000002235,1570024,1322592,"matroska","mpeg4","aac",0,8,"Chrome 77 (macOS)"
"earth.mp4",15.332610000041313,1570024,1322592,"matroska","mpeg4","aac",0,9,"Chrome 77 (macOS)"
"earth.mp4",15.35149500000989,1570024,1322592,"matroska","mpeg4","aac",0,10,"Chrome 77 (macOS)"
"earth.mp4",15.190459999954328,1570024,1322592,"matroska","mpeg4","aac",0,11,"Chrome 77 (macOS)"
"earth.mp4",15.164875000016764,1570024,1322592,"matroska","mpeg4","aac",0,12,"Chrome 77 (macOS)"
"earth.mp4",15.263274999975692,1570024,1322592,"matroska","mpeg4","aac",0,13,"Chrome 77 (macOS)"
"earth.mp4",15.055724999983795,1570024,1322592,"matroska","mpeg4","aac",0,14,"Chrome 77 (macOS)"
"earth.mp4",15.260759999975562,1570024,1322592,"matroska","mpeg4","aac",0,15,"Chrome 77 (macOS)"
"earth.mp4",15.012144999986049,1570024,1322592,"matroska","mpeg4","aac",0,16,"Chrome 77 (macOS)"
"earth.mp4",15.210045000014361,1570024,1322592,"matroska","mpeg4","aac",0,17,"Chrome 77 (macOS)"
"earth.mp4",14.96434499998577,1570024,1322592,"matroska","mpeg4","aac",0,18,"Chrome 77 (macOS)"
"earth.mp4",15.179494999989402,1570024,1322592,"matroska","mpeg4","aac",0,19,"Chrome 77 (macOS)"
"earth.mp4",15.184520000009798,1570024,1322592,"matroska","mpeg4","aac",0,20,"Chrome 77 (macOS)"
"earth.mp4",15.324294999998529,1570024,1322592,"matroska","mpeg4","aac",0,21,"Chrome 77 (macOS)"
"earth.mp4",15.139129999966826,1570024,1322592,"matroska","mpeg4","aac",0,22,"Chrome 77 (macOS)"
"earth.mp4",15.265659999975469,1570024,1322592,"matroska","mpeg4","aac",0,23,"Chrome 77 (macOS)"
"earth.mp4",15.02770000003511,1570024,1322592,"matroska","mpeg4","aac",0,24,"Chrome 77 (macOS)"
"earth.mp4",15.392869999981485,1570024,1322592,"matroska","mpeg4","aac",0,25,"Chrome 77 (macOS)"
"earth.mp4",15.120025000011083,1570024,1322592,"matroska","mpeg4","aac",0,26,"Chrome 77 (macOS)"
"earth.mp4",15.186019999964628,1570024,1322592,"matroska","mpeg4","aac",0,27,"Chrome 77 (macOS)"
"earth.mp4",14.98916499997722,1570024,1322592,"matroska","mpeg4","aac",0,28,"Chrome 77 (macOS)"
"earth.mp4",15.1934299999848,1570024,1322592,"matroska","mpeg4","aac",0,29,"Chrome 77 (macOS)"
"earth.mp4",15.141119999985676,1570024,1322592,"matroska","mpeg4","aac",0,30,"Chrome 77 (macOS)"
"earth.mp4",15.363435000006575,1570024,1322592,"matroska","mpeg4","aac",0,31,"Chrome 77 (macOS)"
"earth.mp4",15.274685000011232,1570024,1322592,"matroska","mpeg4","aac",0,32,"Chrome 77 (macOS)"
"earth.mp4",15.278229999996256,1570024,1322592,"matroska","mpeg4","aac",0,33,"Chrome 77 (macOS)"
"earth.mp4",15.082085000001825,1570024,1322592,"matroska","mpeg4","aac",0,34,"Chrome 77 (macOS)"
"earth.mp4",15.2572049999726,1570024,1322592,"matroska","mpeg4","aac",0,35,"Chrome 77 (macOS)"
"earth.mp4",15.198234999959823,1570024,1322592,"matroska","mpeg4","aac",0,36,"Chrome 77 (macOS)"
"earth.mp4",15.206314999959432,1570024,1322592,"matroska","mpeg4","aac",0,37,"Chrome 77 (macOS)"
"earth.mp4",15.09945500001777,1570024,1322592,"matroska","mpeg4","aac",0,38,"Chrome 77 (macOS)"
"earth.mp4",15.207524999976158,1570024,1322592,"matroska","mpeg4","aac",0,39,"Chrome 77 (macOS)"
"earth.mp4",15.055504999996629,1570024,1322592,"matroska","mpeg4","aac",0,40,"Chrome 77 (macOS)"
"earth.mp4",15.179010000021663,1570024,1322592,"matroska","mpeg4","aac",0,41,"Chrome 77 (macOS)"
"earth.mp4",15.030245000030845,1570024,1322592,"matroska","mpeg4","aac",0,42,"Chrome 77 (macOS)"
"earth.mp4",15.310995000007097,1570024,1322592,"matroska","mpeg4","aac",0,43,"Chrome 77 (macOS)"
"earth.mp4",15.11795499996515,1570024,1322592,"matroska","mpeg4","aac",0,44,"Chrome 77 (macOS)"
"earth.mp4",15.213010000006761,1570024,1322592,"matroska","mpeg4","aac",0,45,"Chrome 77 (macOS)"
"earth.mp4",14.937704999989364,1570024,1322592,"matroska","mpeg4","aac",0,46,"Chrome 77 (macOS)"
"earth.mp4",15.343580000044312,1570024,1322592,"matroska","mpeg4","aac",0,47,"Chrome 77 (macOS)"
"earth.mp4",15.214074999967124,1570024,1322592,"matroska","mpeg4","aac",0,48,"Chrome 77 (macOS)"
"earth.mp4",15.450650000013411,1570024,1322592,"matroska","mpeg4","aac",0,49,"Chrome 77 (macOS)"
"earth.mp4",15.321315000008326,1570024,1322592,"matroska","mpeg4","aac",0,50,"Chrome 77 (macOS)"
"earth.mp4",5.587,1570024,1322592,"matroska","mpeg4","aac",1,1,"Firefox 69 (macOS)"
"earth.mp4",5.366,1570024,1322592,"matroska","mpeg4","aac",1,2,"Firefox 69 (macOS)"
"earth.mp4",5.431,1570024,1322592,"matroska","mpeg4","aac",1,3,"Firefox 69 (macOS)"
"earth.mp4",6.321,1570024,1322592,"matroska","mpeg4","aac",1,4,"Firefox 69 (macOS)"
"earth.mp4",6.885,1570024,1322592,"matroska","mpeg4","aac",1,5,"Firefox 69 (macOS)"
"earth.mp4",7.324,1570024,1322592,"matroska","mpeg4","aac",1,6,"Firefox 69 (macOS)"
"earth.mp4",6.365,1570024,1322592,"matroska","mpeg4","aac",1,7,"Firefox 69 (macOS)"
"earth.mp4",5.266,1570024,1322592,"matroska","mpeg4","aac",1,8,"Firefox 69 (macOS)"
"earth.mp4",5.437,1570024,1322592,"matroska","mpeg4","aac",1,9,"Firefox 69 (macOS)"
"earth.mp4",5.374,1570024,1322592,"matroska","mpeg4","aac",1,10,"Firefox 69 (macOS)"
"earth.mp4",5.509,1570024,1322592,"matroska","mpeg4","aac",1,11,"Firefox 69 (macOS)"
"earth.mp4",5.413,1570024,1322592,"matroska","mpeg4","aac",1,12,"Firefox 69 (macOS)"
"earth.mp4",5.366,1570024,1322592,"matroska","mpeg4","aac",1,13,"Firefox 69 (macOS)"
"earth.mp4",5.445,1570024,1322592,"matroska","mpeg4","aac",1,14,"Firefox 69 (macOS)"
"earth.mp4",5.559,1570024,1322592,"matroska","mpeg4","aac",1,15,"Firefox 69 (macOS)"
"earth.mp4",5.401,1570024,1322592,"matroska","mpeg4","aac",1,16,"Firefox 69 (macOS)"
"earth.mp4",5.519,1570024,1322592,"matroska","mpeg4","aac",1,17,"Firefox 69 (macOS)"
"earth.mp4",5.742,1570024,1322592,"matroska","mpeg4","aac",1,18,"Firefox 69 (macOS)"
"earth.mp4",5.392,1570024,1322592,"matroska","mpeg4","aac",1,19,"Firefox 69 (macOS)"
"earth.mp4",5.478,1570024,1322592,"matroska","mpeg4","aac",1,20,"Firefox 69 (macOS)"
"earth.mp4",5.349,1570024,1322592,"matroska","mpeg4","aac",1,21,"Firefox 69 (macOS)"
"earth.mp4",5.314,1570024,1322592,"matroska","mpeg4","aac",1,22,"Firefox 69 (macOS)"
"earth.mp4",5.38,1570024,1322592,"matroska","mpeg4","aac",1,23,"Firefox 69 (macOS)"
"earth.mp4",5.508,1570024,1322592,"matroska","mpeg4","aac",1,24,"Firefox 69 (macOS)"
"earth.mp4",5.538,1570024,1322592,"matroska","mpeg4","aac",1,25,"Firefox 69 (macOS)"
"earth.mp4",5.366,1570024,1322592,"matroska","mpeg4","aac",1,26,"Firefox 69 (macOS)"
"earth.mp4",5.503,1570024,1322592,"matroska","mpeg4","aac",1,27,"Firefox 69 (macOS)"
"earth.mp4",5.472,1570024,1322592,"matroska","mpeg4","aac",1,28,"Firefox 69 (macOS)"
"earth.mp4",5.439,1570024,1322592,"matroska","mpeg4","aac",1,29,"Firefox 69 (macOS)"
"earth.mp4",5.498,1570024,1322592,"matroska","mpeg4","aac",1,30,"Firefox 69 (macOS)"
"earth.mp4",5.373,1570024,1322592,"matroska","mpeg4","aac",1,31,"Firefox 69 (macOS)"
"earth.mp4",5.314,1570024,1322592,"matroska","mpeg4","aac",1,32,"Firefox 69 (macOS)"
"earth.mp4",5.309,1570024,1322592,"matroska","mpeg4","aac",1,33,"Firefox 69 (macOS)"
"earth.mp4",5.398,1570024,1322592,"matroska","mpeg4","aac",1,34,"Firefox 69 (macOS)"
"earth.mp4",5.309,1570024,1322592,"matroska","mpeg4","aac",1,35,"Firefox 69 (macOS)"
"earth.mp4",5.322,1570024,1322592,"matroska","mpeg4","aac",1,36,"Firefox 69 (macOS)"
"earth.mp4",5.444,1570024,1322592,"matroska","mpeg4","aac",1,37,"Firefox 69 (macOS)"
"earth.mp4",5.613,1570024,1322592,"matroska","mpeg4","aac",1,38,"Firefox 69 (macOS)"
"earth.mp4",5.423,1570024,1322592,"matroska","mpeg4","aac",1,39,"Firefox 69 (macOS)"
"earth.mp4",5.433,1570024,1322592,"matroska","mpeg4","aac",1,40,"Firefox 69 (macOS)"
"earth.mp4",5.569,1570024,1322592,"matroska","mpeg4","aac",1,41,"Firefox 69 (macOS)"
"earth.mp4",5.503,1570024,1322592,"matroska","mpeg4","aac",1,42,"Firefox 69 (macOS)"
"earth.mp4",5.412,1570024,1322592,"matroska","mpeg4","aac",1,43,"Firefox 69 (macOS)"
"earth.mp4",5.545,1570024,1322592,"matroska","mpeg4","aac",1,44,"Firefox 69 (macOS)"
"earth.mp4",5.585,1570024,1322592,"matroska","mpeg4","aac",1,45,"Firefox 69 (macOS)"
"earth.mp4",5.56,1570024,1322592,"matroska","mpeg4","aac",1,46,"Firefox 69 (macOS)"
"earth.mp4",5.415,1570024,1322592,"matroska","mpeg4","aac",1,47,"Firefox 69 (macOS)"
"earth.mp4",5.289,1570024,1322592,"matroska","mpeg4","aac",1,48,"Firefox 69 (macOS)"
"earth.mp4",5.275,1570024,1322592,"matroska","mpeg4","aac",1,49,"Firefox 69 (macOS)"
"earth.mp4",5.275,1570024,1322592,"matroska","mpeg4","aac",1,50,"Firefox 69 (macOS)"
"earth.mp4",16.049,1570024,1322592,"matroska","mpeg4","aac",0,1,"Firefox 69 (macOS)"
"earth.mp4",15.388,1570024,1322592,"matroska","mpeg4","aac",0,2,"Firefox 69 (macOS)"
"earth.mp4",15.509,1570024,1322592,"matroska","mpeg4","aac",0,3,"Firefox 69 (macOS)"
"earth.mp4",15.635,1570024,1322592,"matroska","mpeg4","aac",0,4,"Firefox 69 (macOS)"
"earth.mp4",15.655,1570024,1322592,"matroska","mpeg4","aac",0,5,"Firefox 69 (macOS)"
"earth.mp4",15.421,1570024,1322592,"matroska","mpeg4","aac",0,6,"Firefox 69 (macOS)"
"earth.mp4",15.378,1570024,1322592,"matroska","mpeg4","aac",0,7,"Firefox 69 (macOS)"
"earth.mp4",15.474,1570024,1322592,"matroska","mpeg4","aac",0,8,"Firefox 69 (macOS)"
"earth.mp4",15.559,1570024,1322592,"matroska","mpeg4","aac",0,9,"Firefox 69 (macOS)"
"earth.mp4",16.023,1570024,1322592,"matroska","mpeg4","aac",0,10,"Firefox 69 (macOS)"
"earth.mp4",15.564,1570024,1322592,"matroska","mpeg4","aac",0,11,"Firefox 69 (macOS)"
"earth.mp4",16.814,1570024,1322592,"matroska","mpeg4","aac",0,12,"Firefox 69 (macOS)"
"earth.mp4",15.863,1570024,1322592,"matroska","mpeg4","aac",0,13,"Firefox 69 (macOS)"
"earth.mp4",15.432,1570024,1322592,"matroska","mpeg4","aac",0,14,"Firefox 69 (macOS)"
"earth.mp4",15.625,1570024,1322592,"matroska","mpeg4","aac",0,15,"Firefox 69 (macOS)"
"earth.mp4",15.991,1570024,1322592,"matroska","mpeg4","aac",0,16,"Firefox 69 (macOS)"
"earth.mp4",15.413,1570024,1322592,"matroska","mpeg4","aac",0,17,"Firefox 69 (macOS)"
"earth.mp4",15.699,1570024,1322592,"matroska","mpeg4","aac",0,18,"Firefox 69 (macOS)"
"earth.mp4",15.495,1570024,1322592,"matroska","mpeg4","aac",0,19,"Firefox 69 (macOS)"
"earth.mp4",16.109,1570024,1322592,"matroska","mpeg4","aac",0,20,"Firefox 69 (macOS)"
"earth.mp4",15.846,1570024,1322592,"matroska","mpeg4","aac",0,21,"Firefox 69 (macOS)"
"earth.mp4",15.608,1570024,1322592,"matroska","mpeg4","aac",0,22,"Firefox 69 (macOS)"
"earth.mp4",15.753,1570024,1322592,"matroska","mpeg4","aac",0,23,"Firefox 69 (macOS)"
"earth.mp4",15.73,1570024,1322592,"matroska","mpeg4","aac",0,24,"Firefox 69 (macOS)"
"earth.mp4",15.775,1570024,1322592,"matroska","mpeg4","aac",0,25,"Firefox 69 (macOS)"
"earth.mp4",15.86,1570024,1322592,"matroska","mpeg4","aac",0,26,"Firefox 69 (macOS)"
"earth.mp4",15.698,1570024,1322592,"matroska","mpeg4","aac",0,27,"Firefox 69 (macOS)"
"earth.mp4",15.92,1570024,1322592,"matroska","mpeg4","aac",0,28,"Firefox 69 (macOS)"
"earth.mp4",15.999,1570024,1322592,"matroska","mpeg4","aac",0,29,"Firefox 69 (macOS)"
"earth.mp4",15.615,1570024,1322592,"matroska","mpeg4","aac",0,30,"Firefox 69 (macOS)"
"earth.mp4",15.744,1570024,1322592,"matroska","mpeg4","aac",0,31,"Firefox 69 (macOS)"
"earth.mp4",15.445,1570024,1322592,"matroska","mpeg4","aac",0,32,"Firefox 69 (macOS)"
"earth.mp4",15.747,1570024,1322592,"matroska","mpeg4","aac",0,33,"Firefox 69 (macOS)"
"earth.mp4",15.686,1570024,1322592,"matroska","mpeg4","aac",0,34,"Firefox 69 (macOS)"
"earth.mp4",15.818,1570024,1322592,"matroska","mpeg4","aac",0,35,"Firefox 69 (macOS)"
"earth.mp4",15.525,1570024,1322592,"matroska","mpeg4","aac",0,36,"Firefox 69 (macOS)"
"earth.mp4",15.658,1570024,1322592,"matroska","mpeg4","aac",0,37,"Firefox 69 (macOS)"
"earth.mp4",15.552,1570024,1322592,"matroska","mpeg4","aac",0,38,"Firefox 69 (macOS)"
"earth.mp4",15.876,1570024,1322592,"matroska","mpeg4","aac",0,39,"Firefox 69 (macOS)"
"earth.mp4",15.444,1570024,1322592,"matroska","mpeg4","aac",0,40,"Firefox 69 (macOS)"
"earth.mp4",15.675,1570024,1322592,"matroska","mpeg4","aac",0,41,"Firefox 69 (macOS)"
"earth.mp4",15.584,1570024,1322592,"matroska","mpeg4","aac",0,42,"Firefox 69 (macOS)"
"earth.mp4",15.494,1570024,1322592,"matroska","mpeg4","aac",0,43,"Firefox 69 (macOS)"
"earth.mp4",15.964,1570024,1322592,"matroska","mpeg4","aac",0,44,"Firefox 69 (macOS)"
"earth.mp4",15.557,1570024,1322592,"matroska","mpeg4","aac",0,45,"Firefox 69 (macOS)"
"earth.mp4",16.439,1570024,1322592,"matroska","mpeg4","aac",0,46,"Firefox 69 (macOS)"
"earth.mp4",15.241,1570024,1322592,"matroska","mpeg4","aac",0,47,"Firefox 69 (macOS)"
"earth.mp4",15.911,1570024,1322592,"matroska","mpeg4","aac",0,48,"Firefox 69 (macOS)"
"earth.mp4",15.603,1570024,1322592,"matroska","mpeg4","aac",0,49,"Firefox 69 (macOS)"
"earth.mp4",15.485,1570024,1322592,"matroska","mpeg4","aac",0,50,"Firefox 69 (macOS)"
"earth.mp4",4.049,1570024,1322592,"matroska","mpeg4","aac",1,1,"Safari 13"
"earth.mp4",4.001,1570024,1322592,"matroska","mpeg4","aac",1,2,"Safari 13"
"earth.mp4",3.879,1570024,1322592,"matroska","mpeg4","aac",1,3,"Safari 13"
"earth.mp4",3.969,1570024,1322592,"matroska","mpeg4","aac",1,4,"Safari 13"
"earth.mp4",3.909,1570024,1322592,"matroska","mpeg4","aac",1,5,"Safari 13"
"earth.mp4",3.978,1570024,1322592,"matroska","mpeg4","aac",1,6,"Safari 13"
"earth.mp4",3.853,1570024,1322592,"matroska","mpeg4","aac",1,7,"Safari 13"
"earth.mp4",3.94,1570024,1322592,"matroska","mpeg4","aac",1,8,"Safari 13"
"earth.mp4",3.986,1570024,1322592,"matroska","mpeg4","aac",1,9,"Safari 13"
"earth.mp4",3.987,1570024,1322592,"matroska","mpeg4","aac",1,10,"Safari 13"
"earth.mp4",3.962,1570024,1322592,"matroska","mpeg4","aac",1,11,"Safari 13"
"earth.mp4",3.977,1570024,1322592,"matroska","mpeg4","aac",1,12,"Safari 13"
"earth.mp4",4.042,1570024,1322592,"matroska","mpeg4","aac",1,13,"Safari 13"
"earth.mp4",3.85,1570024,1322592,"matroska","mpeg4","aac",1,14,"Safari 13"
"earth.mp4",3.862,1570024,1322592,"matroska","mpeg4","aac",1,15,"Safari 13"
"earth.mp4",4.016,1570024,1322592,"matroska","mpeg4","aac",1,16,"Safari 13"
"earth.mp4",3.816,1570024,1322592,"matroska","mpeg4","aac",1,17,"Safari 13"
"earth.mp4",3.987,1570024,1322592,"matroska","mpeg4","aac",1,18,"Safari 13"
"earth.mp4",3.897,1570024,1322592,"matroska","mpeg4","aac",1,19,"Safari 13"
"earth.mp4",3.844,1570024,1322592,"matroska","mpeg4","aac",1,20,"Safari 13"
"earth.mp4",3.905,1570024,1322592,"matroska","mpeg4","aac",1,21,"Safari 13"
"earth.mp4",3.904,1570024,1322592,"matroska","mpeg4","aac",1,22,"Safari 13"
"earth.mp4",3.928,1570024,1322592,"matroska","mpeg4","aac",1,23,"Safari 13"
"earth.mp4",3.797,1570024,1322592,"matroska","mpeg4","aac",1,24,"Safari 13"
"earth.mp4",4.005,1570024,1322592,"matroska","mpeg4","aac",1,25,"Safari 13"
"earth.mp4",3.877,1570024,1322592,"matroska","mpeg4","aac",1,26,"Safari 13"
"earth.mp4",3.781,1570024,1322592,"matroska","mpeg4","aac",1,27,"Safari 13"
"earth.mp4",3.95,1570024,1322592,"matroska","mpeg4","aac",1,28,"Safari 13"
"earth.mp4",3.948,1570024,1322592,"matroska","mpeg4","aac",1,29,"Safari 13"
"earth.mp4",3.871000000000001,1570024,1322592,"matroska","mpeg4","aac",1,30,"Safari 13"
"earth.mp4",3.943,1570024,1322592,"matroska","mpeg4","aac",1,31,"Safari 13"
"earth.mp4",3.879,1570024,1322592,"matroska","mpeg4","aac",1,32,"Safari 13"
"earth.mp4",3.974,1570024,1322592,"matroska","mpeg4","aac",1,33,"Safari 13"
"earth.mp4",3.886000000000001,1570024,1322592,"matroska","mpeg4","aac",1,34,"Safari 13"
"earth.mp4",3.998,1570024,1322592,"matroska","mpeg4","aac",1,35,"Safari 13"
"earth.mp4",4.004,1570024,1322592,"matroska","mpeg4","aac",1,36,"Safari 13"
"earth.mp4",3.961,1570024,1322592,"matroska","mpeg4","aac",1,37,"Safari 13"
"earth.mp4",3.956,1570024,1322592,"matroska","mpeg4","aac",1,38,"Safari 13"
"earth.mp4",3.823000000000001,1570024,1322592,"matroska","mpeg4","aac",1,39,"Safari 13"
"earth.mp4",3.968,1570024,1322592,"matroska","mpeg4","aac",1,40,"Safari 13"
"earth.mp4",3.815,1570024,1322592,"matroska","mpeg4","aac",1,41,"Safari 13"
"earth.mp4",3.928,1570024,1322592,"matroska","mpeg4","aac",1,42,"Safari 13"
"earth.mp4",3.889,1570024,1322592,"matroska","mpeg4","aac",1,43,"Safari 13"
"earth.mp4",3.904,1570024,1322592,"matroska","mpeg4","aac",1,44,"Safari 13"
"earth.mp4",3.7880000000000007,1570024,1322592,"matroska","mpeg4","aac",1,45,"Safari 13"
"earth.mp4",3.801,1570024,1322592,"matroska","mpeg4","aac",1,46,"Safari 13"
"earth.mp4",3.955,1570024,1322592,"matroska","mpeg4","aac",1,47,"Safari 13"
"earth.mp4",3.978,1570024,1322592,"matroska","mpeg4","aac",1,48,"Safari 13"
"earth.mp4",3.963,1570024,1322592,"matroska","mpeg4","aac",1,49,"Safari 13"
"earth.mp4",3.814000000000001,1570024,1322592,"matroska","mpeg4","aac",1,50,"Safari 13"
"earth.mp4",9.6,1570024,1322592,"matroska","mpeg4","aac",0,1,"Safari 13"
"earth.mp4",9.208,1570024,1322592,"matroska","mpeg4","aac",0,2,"Safari 13"
"earth.mp4",8.617,1570024,1322592,"matroska","mpeg4","aac",0,3,"Safari 13"
"earth.mp4",8.639,1570024,1322592,"matroska","mpeg4","aac",0,4,"Safari 13"
"earth.mp4",8.662,1570024,1322592,"matroska","mpeg4","aac",0,5,"Safari 13"
"earth.mp4",8.563,1570024,1322592,"matroska","mpeg4","aac",0,6,"Safari 13"
"earth.mp4",8.599,1570024,1322592,"matroska","mpeg4","aac",0,7,"Safari 13"
"earth.mp4",8.695,1570024,1322592,"matroska","mpeg4","aac",0,8,"Safari 13"
"earth.mp4",8.557,1570024,1322592,"matroska","mpeg4","aac",0,9,"Safari 13"
"earth.mp4",8.67,1570024,1322592,"matroska","mpeg4","aac",0,10,"Safari 13"
"earth.mp4",8.706,1570024,1322592,"matroska","mpeg4","aac",0,11,"Safari 13"
"earth.mp4",8.538,1570024,1322592,"matroska","mpeg4","aac",0,12,"Safari 13"
"earth.mp4",8.649,1570024,1322592,"matroska","mpeg4","aac",0,13,"Safari 13"
"earth.mp4",8.577,1570024,1322592,"matroska","mpeg4","aac",0,14,"Safari 13"
"earth.mp4",8.597,1570024,1322592,"matroska","mpeg4","aac",0,15,"Safari 13"
"earth.mp4",8.727,1570024,1322592,"matroska","mpeg4","aac",0,16,"Safari 13"
"earth.mp4",8.654,1570024,1322592,"matroska","mpeg4","aac",0,17,"Safari 13"
"earth.mp4",8.745,1570024,1322592,"matroska","mpeg4","aac",0,18,"Safari 13"
"earth.mp4",8.629,1570024,1322592,"matroska","mpeg4","aac",0,19,"Safari 13"
"earth.mp4",8.636,1570024,1322592,"matroska","mpeg4","aac",0,20,"Safari 13"
"earth.mp4",8.585,1570024,1322592,"matroska","mpeg4","aac",0,21,"Safari 13"
"earth.mp4",8.585,1570024,1322592,"matroska","mpeg4","aac",0,22,"Safari 13"
"earth.mp4",8.686,1570024,1322592,"matroska","mpeg4","aac",0,23,"Safari 13"
"earth.mp4",8.617,1570024,1322592,"matroska","mpeg4","aac",0,24,"Safari 13"
"earth.mp4",8.606,1570024,1322592,"matroska","mpeg4","aac",0,25,"Safari 13"
"earth.mp4",8.672,1570024,1322592,"matroska","mpeg4","aac",0,26,"Safari 13"
"earth.mp4",8.739,1570024,1322592,"matroska","mpeg4","aac",0,27,"Safari 13"
"earth.mp4",8.764,1570024,1322592,"matroska","mpeg4","aac",0,28,"Safari 13"
"earth.mp4",8.577,1570024,1322592,"matroska","mpeg4","aac",0,29,"Safari 13"
"earth.mp4",8.671,1570024,1322592,"matroska","mpeg4","aac",0,30,"Safari 13"
"earth.mp4",8.665,1570024,1322592,"matroska","mpeg4","aac",0,31,"Safari 13"
"earth.mp4",8.590000000000002,1570024,1322592,"matroska","mpeg4","aac",0,32,"Safari 13"
"earth.mp4",8.744,1570024,1322592,"matroska","mpeg4","aac",0,33,"Safari 13"
"earth.mp4",8.683,1570024,1322592,"matroska","mpeg4","aac",0,34,"Safari 13"
"earth.mp4",8.671,1570024,1322592,"matroska","mpeg4","aac",0,35,"Safari 13"
"earth.mp4",8.686,1570024,1322592,"matroska","mpeg4","aac",0,36,"Safari 13"
"earth.mp4",8.594,1570024,1322592,"matroska","mpeg4","aac",0,37,"Safari 13"
"earth.mp4",8.737,1570024,1322592,"matroska","mpeg4","aac",0,38,"Safari 13"
"earth.mp4",9.653,1570024,1322592,"matroska","mpeg4","aac",0,39,"Safari 13"
"earth.mp4",8.697,1570024,1322592,"matroska","mpeg4","aac",0,40,"Safari 13"
"earth.mp4",8.619,1570024,1322592,"matroska","mpeg4","aac",0,41,"Safari 13"
"earth.mp4",8.62,1570024,1322592,"matroska","mpeg4","aac",0,42,"Safari 13"
"earth.mp4",8.591,1570024,1322592,"matroska","mpeg4","aac",0,43,"Safari 13"
"earth.mp4",8.696000000000002,1570024,1322592,"matroska","mpeg4","aac",0,44,"Safari 13"
"earth.mp4",8.647,1570024,1322592,"matroska","mpeg4","aac",0,45,"Safari 13"
"earth.mp4",8.583,1570024,1322592,"matroska","mpeg4","aac",0,46,"Safari 13"
"earth.mp4",8.609,1570024,1322592,"matroska","mpeg4","aac",0,47,"Safari 13"
"earth.mp4",8.615,1570024,1322592,"matroska","mpeg4","aac",0,48,"Safari 13"
"earth.mp4",8.638,1570024,1322592,"matroska","mpeg4","aac",0,49,"Safari 13"
"earth.mp4",8.598,1570024,1322592,"matroska","mpeg4","aac",0,50,"Safari 13"
"earth.mp4",5.122834999999668,1570024,1322592,"matroska","mpeg4","aac",1,1,"Chrome 78 (Ubuntu)"
"earth.mp4",5.259564999999839,1570024,1322592,"matroska","mpeg4","aac",1,2,"Chrome 78 (Ubuntu)"
"earth.mp4",5.187670000000253,1570024,1322592,"matroska","mpeg4","aac",1,3,"Chrome 78 (Ubuntu)"
"earth.mp4",5.200460000000021,1570024,1322592,"matroska","mpeg4","aac",1,4,"Chrome 78 (Ubuntu)"
"earth.mp4",5.508260000000064,1570024,1322592,"matroska","mpeg4","aac",1,5,"Chrome 78 (Ubuntu)"
"earth.mp4",5.356764999999996,1570024,1322592,"matroska","mpeg4","aac",1,6,"Chrome 78 (Ubuntu)"
"earth.mp4",5.448905000000195,1570024,1322592,"matroska","mpeg4","aac",1,7,"Chrome 78 (Ubuntu)"
"earth.mp4",5.44629999999961,1570024,1322592,"matroska","mpeg4","aac",1,8,"Chrome 78 (Ubuntu)"
"earth.mp4",5.587059999999838,1570024,1322592,"matroska","mpeg4","aac",1,9,"Chrome 78 (Ubuntu)"
"earth.mp4",5.651700000000346,1570024,1322592,"matroska","mpeg4","aac",1,10,"Chrome 78 (Ubuntu)"
"earth.mp4",5.4709499999999025,1570024,1322592,"matroska","mpeg4","aac",1,11,"Chrome 78 (Ubuntu)"
"earth.mp4",5.887384999999995,1570024,1322592,"matroska","mpeg4","aac",1,12,"Chrome 78 (Ubuntu)"
"earth.mp4",5.64534999999978,1570024,1322592,"matroska","mpeg4","aac",1,13,"Chrome 78 (Ubuntu)"
"earth.mp4",5.510850000000119,1570024,1322592,"matroska","mpeg4","aac",1,14,"Chrome 78 (Ubuntu)"
"earth.mp4",5.61391999999978,1570024,1322592,"matroska","mpeg4","aac",1,15,"Chrome 78 (Ubuntu)"
"earth.mp4",5.6089750000001,1570024,1322592,"matroska","mpeg4","aac",1,16,"Chrome 78 (Ubuntu)"
"earth.mp4",5.600839999999607,1570024,1322592,"matroska","mpeg4","aac",1,17,"Chrome 78 (Ubuntu)"
"earth.mp4",5.90780500000028,1570024,1322592,"matroska","mpeg4","aac",1,18,"Chrome 78 (Ubuntu)"
"earth.mp4",5.587634999999864,1570024,1322592,"matroska","mpeg4","aac",1,19,"Chrome 78 (Ubuntu)"
"earth.mp4",5.457290000000285,1570024,1322592,"matroska","mpeg4","aac",1,20,"Chrome 78 (Ubuntu)"
"earth.mp4",5.5206749999997555,1570024,1322592,"matroska","mpeg4","aac",1,21,"Chrome 78 (Ubuntu)"
"earth.mp4",5.598520000000008,1570024,1322592,"matroska","mpeg4","aac",1,22,"Chrome 78 (Ubuntu)"
"earth.mp4",5.531994999999824,1570024,1322592,"matroska","mpeg4","aac",1,23,"Chrome 78 (Ubuntu)"
"earth.mp4",5.65128999999979,1570024,1322592,"matroska","mpeg4","aac",1,24,"Chrome 78 (Ubuntu)"
"earth.mp4",5.623489999999947,1570024,1322592,"matroska","mpeg4","aac",1,25,"Chrome 78 (Ubuntu)"
"earth.mp4",5.618055000000368,1570024,1322592,"matroska","mpeg4","aac",1,26,"Chrome 78 (Ubuntu)"
"earth.mp4",5.5836850000000595,1570024,1322592,"matroska","mpeg4","aac",1,27,"Chrome 78 (Ubuntu)"
"earth.mp4",5.502594999999928,1570024,1322592,"matroska","mpeg4","aac",1,28,"Chrome 78 (Ubuntu)"
"earth.mp4",5.514714999999796,1570024,1322592,"matroska","mpeg4","aac",1,29,"Chrome 78 (Ubuntu)"
"earth.mp4",5.567970000000059,1570024,1322592,"matroska","mpeg4","aac",1,30,"Chrome 78 (Ubuntu)"
"earth.mp4",5.739860000000135,1570024,1322592,"matroska","mpeg4","aac",1,31,"Chrome 78 (Ubuntu)"
"earth.mp4",5.639604999999847,1570024,1322592,"matroska","mpeg4","aac",1,32,"Chrome 78 (Ubuntu)"
"earth.mp4",5.484820000000127,1570024,1322592,"matroska","mpeg4","aac",1,33,"Chrome 78 (Ubuntu)"
"earth.mp4",5.518219999999928,1570024,1322592,"matroska","mpeg4","aac",1,34,"Chrome 78 (Ubuntu)"
"earth.mp4",5.662900000000263,1570024,1322592,"matroska","mpeg4","aac",1,35,"Chrome 78 (Ubuntu)"
"earth.mp4",5.560249999999996,1570024,1322592,"matroska","mpeg4","aac",1,36,"Chrome 78 (Ubuntu)"
"earth.mp4",5.777160000000094,1570024,1322592,"matroska","mpeg4","aac",1,37,"Chrome 78 (Ubuntu)"
"earth.mp4",5.6320700000001125,1570024,1322592,"matroska","mpeg4","aac",1,38,"Chrome 78 (Ubuntu)"
"earth.mp4",5.51807000000008,1570024,1322592,"matroska","mpeg4","aac",1,39,"Chrome 78 (Ubuntu)"
"earth.mp4",5.643474999999853,1570024,1322592,"matroska","mpeg4","aac",1,40,"Chrome 78 (Ubuntu)"
"earth.mp4",5.537600000000111,1570024,1322592,"matroska","mpeg4","aac",1,41,"Chrome 78 (Ubuntu)"
"earth.mp4",5.461899999999787,1570024,1322592,"matroska","mpeg4","aac",1,42,"Chrome 78 (Ubuntu)"
"earth.mp4",5.6023700000000645,1570024,1322592,"matroska","mpeg4","aac",1,43,"Chrome 78 (Ubuntu)"
"earth.mp4",5.901045000000067,1570024,1322592,"matroska","mpeg4","aac",1,44,"Chrome 78 (Ubuntu)"
"earth.mp4",5.523105000000214,1570024,1322592,"matroska","mpeg4","aac",1,45,"Chrome 78 (Ubuntu)"
"earth.mp4",5.476430000000164,1570024,1322592,"matroska","mpeg4","aac",1,46,"Chrome 78 (Ubuntu)"
"earth.mp4",5.531344999999874,1570024,1322592,"matroska","mpeg4","aac",1,47,"Chrome 78 (Ubuntu)"
"earth.mp4",5.738104999999905,1570024,1322592,"matroska","mpeg4","aac",1,48,"Chrome 78 (Ubuntu)"
"earth.mp4",5.522855000000163,1570024,1322592,"matroska","mpeg4","aac",1,49,"Chrome 78 (Ubuntu)"
"earth.mp4",5.665559999999914,1570024,1322592,"matroska","mpeg4","aac",1,50,"Chrome 78 (Ubuntu)"
"earth.mp4",20.245460000000094,1570024,1322592,"matroska","mpeg4","aac",0,1,"Chrome 78 (Ubuntu)"
"earth.mp4",21.027244999999766,1570024,1322592,"matroska","mpeg4","aac",0,2,"Chrome 78 (Ubuntu)"
"earth.mp4",20.40223500000002,1570024,1322592,"matroska","mpeg4","aac",0,3,"Chrome 78 (Ubuntu)"
"earth.mp4",20.994410000000244,1570024,1322592,"matroska","mpeg4","aac",0,4,"Chrome 78 (Ubuntu)"
"earth.mp4",20.779985000000124,1570024,1322592,"matroska","mpeg4","aac",0,5,"Chrome 78 (Ubuntu)"
"earth.mp4",20.90574000000015,1570024,1322592,"matroska","mpeg4","aac",0,6,"Chrome 78 (Ubuntu)"
"earth.mp4",20.529779999999846,1570024,1322592,"matroska","mpeg4","aac",0,7,"Chrome 78 (Ubuntu)"
"earth.mp4",20.85586000000012,1570024,1322592,"matroska","mpeg4","aac",0,8,"Chrome 78 (Ubuntu)"
"earth.mp4",20.708030000000235,1570024,1322592,"matroska","mpeg4","aac",0,9,"Chrome 78 (Ubuntu)"
"earth.mp4",20.637615000000096,1570024,1322592,"matroska","mpeg4","aac",0,10,"Chrome 78 (Ubuntu)"
"earth.mp4",20.928150000000187,1570024,1322592,"matroska","mpeg4","aac",0,11,"Chrome 78 (Ubuntu)"
"earth.mp4",20.45358000000033,1570024,1322592,"matroska","mpeg4","aac",0,12,"Chrome 78 (Ubuntu)"
"earth.mp4",20.952034999999796,1570024,1322592,"matroska","mpeg4","aac",0,13,"Chrome 78 (Ubuntu)"
"earth.mp4",20.786465000000135,1570024,1322592,"matroska","mpeg4","aac",0,14,"Chrome 78 (Ubuntu)"
"earth.mp4",20.48140999999987,1570024,1322592,"matroska","mpeg4","aac",0,15,"Chrome 78 (Ubuntu)"
"earth.mp4",21.271825000000263,1570024,1322592,"matroska","mpeg4","aac",0,16,"Chrome 78 (Ubuntu)"
"earth.mp4",20.320824999999786,1570024,1322592,"matroska","mpeg4","aac",0,17,"Chrome 78 (Ubuntu)"
"earth.mp4",20.824115000000347,1570024,1322592,"matroska","mpeg4","aac",0,18,"Chrome 78 (Ubuntu)"
"earth.mp4",20.471074999999928,1570024,1322592,"matroska","mpeg4","aac",0,19,"Chrome 78 (Ubuntu)"
"earth.mp4",20.60882500000025,1570024,1322592,"matroska","mpeg4","aac",0,20,"Chrome 78 (Ubuntu)"
"earth.mp4",21.160955000000286,1570024,1322592,"matroska","mpeg4","aac",0,21,"Chrome 78 (Ubuntu)"
"earth.mp4",20.462605000000167,1570024,1322592,"matroska","mpeg4","aac",0,22,"Chrome 78 (Ubuntu)"
"earth.mp4",21.038880000000063,1570024,1322592,"matroska","mpeg4","aac",0,23,"Chrome 78 (Ubuntu)"
"earth.mp4",20.763234999999895,1570024,1322592,"matroska","mpeg4","aac",0,24,"Chrome 78 (Ubuntu)"
"earth.mp4",20.690830000000005,1570024,1322592,"matroska","mpeg4","aac",0,25,"Chrome 78 (Ubuntu)"
"earth.mp4",20.41337999999996,1570024,1322592,"matroska","mpeg4","aac",0,26,"Chrome 78 (Ubuntu)"
"earth.mp4",20.945060000000012,1570024,1322592,"matroska","mpeg4","aac",0,27,"Chrome 78 (Ubuntu)"
"earth.mp4",21.30146999999988,1570024,1322592,"matroska","mpeg4","aac",0,28,"Chrome 78 (Ubuntu)"
"earth.mp4",20.53535499999998,1570024,1322592,"matroska","mpeg4","aac",0,29,"Chrome 78 (Ubuntu)"
"earth.mp4",21.073934999999892,1570024,1322592,"matroska","mpeg4","aac",0,30,"Chrome 78 (Ubuntu)"
"earth.mp4",20.198145000000295,1570024,1322592,"matroska","mpeg4","aac",0,31,"Chrome 78 (Ubuntu)"
"earth.mp4",20.66453999999976,1570024,1322592,"matroska","mpeg4","aac",0,32,"Chrome 78 (Ubuntu)"
"earth.mp4",20.380819999999858,1570024,1322592,"matroska","mpeg4","aac",0,33,"Chrome 78 (Ubuntu)"
"earth.mp4",20.543235000000095,1570024,1322592,"matroska","mpeg4","aac",0,34,"Chrome 78 (Ubuntu)"
"earth.mp4",20.95878999999968,1570024,1322592,"matroska","mpeg4","aac",0,35,"Chrome 78 (Ubuntu)"
"earth.mp4",20.901970000000347,1570024,1322592,"matroska","mpeg4","aac",0,36,"Chrome 78 (Ubuntu)"
"earth.mp4",20.907950000000255,1570024,1322592,"matroska","mpeg4","aac",0,37,"Chrome 78 (Ubuntu)"
"earth.mp4",20.272899999999936,1570024,1322592,"matroska","mpeg4","aac",0,38,"Chrome 78 (Ubuntu)"
"earth.mp4",20.40506000000005,1570024,1322592,"matroska","mpeg4","aac",0,39,"Chrome 78 (Ubuntu)"
"earth.mp4",20.78643000000011,1570024,1322592,"matroska","mpeg4","aac",0,40,"Chrome 78 (Ubuntu)"
"earth.mp4",20.480409999999665,1570024,1322592,"matroska","mpeg4","aac",0,41,"Chrome 78 (Ubuntu)"
"earth.mp4",21.340200000000095,1570024,1322592,"matroska","mpeg4","aac",0,42,"Chrome 78 (Ubuntu)"
"earth.mp4",20.279749999999694,1570024,1322592,"matroska","mpeg4","aac",0,43,"Chrome 78 (Ubuntu)"
"earth.mp4",20.885819999999967,1570024,1322592,"matroska","mpeg4","aac",0,44,"Chrome 78 (Ubuntu)"
"earth.mp4",20.24831499999982,1570024,1322592,"matroska","mpeg4","aac",0,45,"Chrome 78 (Ubuntu)"
"earth.mp4",20.68491499999982,1570024,1322592,"matroska","mpeg4","aac",0,46,"Chrome 78 (Ubuntu)"
"earth.mp4",20.83064000000013,1570024,1322592,"matroska","mpeg4","aac",0,47,"Chrome 78 (Ubuntu)"
"earth.mp4",21.006185000000187,1570024,1322592,"matroska","mpeg4","aac",0,48,"Chrome 78 (Ubuntu)"
"earth.mp4",20.686945000000378,1570024,1322592,"matroska","mpeg4","aac",0,49,"Chrome 78 (Ubuntu)"
"earth.mp4",20.49699499999997,1570024,1322592,"matroska","mpeg4","aac",0,50,"Chrome 78 (Ubuntu)"
"earth.mp4",3.255,1570024,1322592,"matroska","mpeg4","aac",1,1,"Firefox 70 (Ubuntu)"
"earth.mp4",3.322,1570024,1322592,"matroska","mpeg4","aac",1,2,"Firefox 70 (Ubuntu)"
"earth.mp4",3.406,1570024,1322592,"matroska","mpeg4","aac",1,3,"Firefox 70 (Ubuntu)"
"earth.mp4",3.422,1570024,1322592,"matroska","mpeg4","aac",1,4,"Firefox 70 (Ubuntu)"
"earth.mp4",3.468,1570024,1322592,"matroska","mpeg4","aac",1,5,"Firefox 70 (Ubuntu)"
"earth.mp4",3.298,1570024,1322592,"matroska","mpeg4","aac",1,6,"Firefox 70 (Ubuntu)"
"earth.mp4",3.377,1570024,1322592,"matroska","mpeg4","aac",1,7,"Firefox 70 (Ubuntu)"
"earth.mp4",3.485,1570024,1322592,"matroska","mpeg4","aac",1,8,"Firefox 70 (Ubuntu)"
"earth.mp4",3.502,1570024,1322592,"matroska","mpeg4","aac",1,9,"Firefox 70 (Ubuntu)"
"earth.mp4",3.465,1570024,1322592,"matroska","mpeg4","aac",1,10,"Firefox 70 (Ubuntu)"
"earth.mp4",3.308,1570024,1322592,"matroska","mpeg4","aac",1,11,"Firefox 70 (Ubuntu)"
"earth.mp4",3.337,1570024,1322592,"matroska","mpeg4","aac",1,12,"Firefox 70 (Ubuntu)"
"earth.mp4",3.333,1570024,1322592,"matroska","mpeg4","aac",1,13,"Firefox 70 (Ubuntu)"
"earth.mp4",3.495,1570024,1322592,"matroska","mpeg4","aac",1,14,"Firefox 70 (Ubuntu)"
"earth.mp4",3.519,1570024,1322592,"matroska","mpeg4","aac",1,15,"Firefox 70 (Ubuntu)"
"earth.mp4",3.6,1570024,1322592,"matroska","mpeg4","aac",1,16,"Firefox 70 (Ubuntu)"
"earth.mp4",3.566,1570024,1322592,"matroska","mpeg4","aac",1,17,"Firefox 70 (Ubuntu)"
"earth.mp4",3.458,1570024,1322592,"matroska","mpeg4","aac",1,18,"Firefox 70 (Ubuntu)"
"earth.mp4",3.599,1570024,1322592,"matroska","mpeg4","aac",1,19,"Firefox 70 (Ubuntu)"
"earth.mp4",3.515,1570024,1322592,"matroska","mpeg4","aac",1,20,"Firefox 70 (Ubuntu)"
"earth.mp4",3.53,1570024,1322592,"matroska","mpeg4","aac",1,21,"Firefox 70 (Ubuntu)"
"earth.mp4",3.424,1570024,1322592,"matroska","mpeg4","aac",1,22,"Firefox 70 (Ubuntu)"
"earth.mp4",3.507,1570024,1322592,"matroska","mpeg4","aac",1,23,"Firefox 70 (Ubuntu)"
"earth.mp4",3.531,1570024,1322592,"matroska","mpeg4","aac",1,24,"Firefox 70 (Ubuntu)"
"earth.mp4",3.485,1570024,1322592,"matroska","mpeg4","aac",1,25,"Firefox 70 (Ubuntu)"
"earth.mp4",3.599,1570024,1322592,"matroska","mpeg4","aac",1,26,"Firefox 70 (Ubuntu)"
"earth.mp4",3.552,1570024,1322592,"matroska","mpeg4","aac",1,27,"Firefox 70 (Ubuntu)"
"earth.mp4",3.409,1570024,1322592,"matroska","mpeg4","aac",1,28,"Firefox 70 (Ubuntu)"
"earth.mp4",3.641,1570024,1322592,"matroska","mpeg4","aac",1,29,"Firefox 70 (Ubuntu)"
"earth.mp4",3.536,1570024,1322592,"matroska","mpeg4","aac",1,30,"Firefox 70 (Ubuntu)"
"earth.mp4",3.531,1570024,1322592,"matroska","mpeg4","aac",1,31,"Firefox 70 (Ubuntu)"
"earth.mp4",3.538,1570024,1322592,"matroska","mpeg4","aac",1,32,"Firefox 70 (Ubuntu)"
"earth.mp4",3.609,1570024,1322592,"matroska","mpeg4","aac",1,33,"Firefox 70 (Ubuntu)"
"earth.mp4",3.549,1570024,1322592,"matroska","mpeg4","aac",1,34,"Firefox 70 (Ubuntu)"
"earth.mp4",3.55,1570024,1322592,"matroska","mpeg4","aac",1,35,"Firefox 70 (Ubuntu)"
"earth.mp4",3.46,1570024,1322592,"matroska","mpeg4","aac",1,36,"Firefox 70 (Ubuntu)"
"earth.mp4",3.611,1570024,1322592,"matroska","mpeg4","aac",1,37,"Firefox 70 (Ubuntu)"
"earth.mp4",3.477,1570024,1322592,"matroska","mpeg4","aac",1,38,"Firefox 70 (Ubuntu)"
"earth.mp4",3.572,1570024,1322592,"matroska","mpeg4","aac",1,39,"Firefox 70 (Ubuntu)"
"earth.mp4",3.561,1570024,1322592,"matroska","mpeg4","aac",1,40,"Firefox 70 (Ubuntu)"
"earth.mp4",3.569,1570024,1322592,"matroska","mpeg4","aac",1,41,"Firefox 70 (Ubuntu)"
"earth.mp4",3.521,1570024,1322592,"matroska","mpeg4","aac",1,42,"Firefox 70 (Ubuntu)"
"earth.mp4",3.515,1570024,1322592,"matroska","mpeg4","aac",1,43,"Firefox 70 (Ubuntu)"
"earth.mp4",3.403,1570024,1322592,"matroska","mpeg4","aac",1,44,"Firefox 70 (Ubuntu)"
"earth.mp4",3.486,1570024,1322592,"matroska","mpeg4","aac",1,45,"Firefox 70 (Ubuntu)"
"earth.mp4",3.616,1570024,1322592,"matroska","mpeg4","aac",1,46,"Firefox 70 (Ubuntu)"
"earth.mp4",3.455,1570024,1322592,"matroska","mpeg4","aac",1,47,"Firefox 70 (Ubuntu)"
"earth.mp4",3.561,1570024,1322592,"matroska","mpeg4","aac",1,48,"Firefox 70 (Ubuntu)"
"earth.mp4",3.528,1570024,1322592,"matroska","mpeg4","aac",1,49,"Firefox 70 (Ubuntu)"
"earth.mp4",3.557,1570024,1322592,"matroska","mpeg4","aac",1,50,"Firefox 70 (Ubuntu)"
"earth.mp4",9.954,1570024,1322592,"matroska","mpeg4","aac",0,1,"Firefox 70 (Ubuntu)"
"earth.mp4",10.828,1570024,1322592,"matroska","mpeg4","aac",0,2,"Firefox 70 (Ubuntu)"
"earth.mp4",10.044,1570024,1322592,"matroska","mpeg4","aac",0,3,"Firefox 70 (Ubuntu)"
"earth.mp4",10.156,1570024,1322592,"matroska","mpeg4","aac",0,4,"Firefox 70 (Ubuntu)"
"earth.mp4",10.328,1570024,1322592,"matroska","mpeg4","aac",0,5,"Firefox 70 (Ubuntu)"
"earth.mp4",10.167,1570024,1322592,"matroska","mpeg4","aac",0,6,"Firefox 70 (Ubuntu)"
"earth.mp4",9.96,1570024,1322592,"matroska","mpeg4","aac",0,7,"Firefox 70 (Ubuntu)"
"earth.mp4",10.741,1570024,1322592,"matroska","mpeg4","aac",0,8,"Firefox 70 (Ubuntu)"
"earth.mp4",9.962,1570024,1322592,"matroska","mpeg4","aac",0,9,"Firefox 70 (Ubuntu)"
"earth.mp4",10.207,1570024,1322592,"matroska","mpeg4","aac",0,10,"Firefox 70 (Ubuntu)"
"earth.mp4",9.989,1570024,1322592,"matroska","mpeg4","aac",0,11,"Firefox 70 (Ubuntu)"
"earth.mp4",10.4,1570024,1322592,"matroska","mpeg4","aac",0,12,"Firefox 70 (Ubuntu)"
"earth.mp4",10.455,1570024,1322592,"matroska","mpeg4","aac",0,13,"Firefox 70 (Ubuntu)"
"earth.mp4",10.416,1570024,1322592,"matroska","mpeg4","aac",0,14,"Firefox 70 (Ubuntu)"
"earth.mp4",10.015,1570024,1322592,"matroska","mpeg4","aac",0,15,"Firefox 70 (Ubuntu)"
"earth.mp4",10.451,1570024,1322592,"matroska","mpeg4","aac",0,16,"Firefox 70 (Ubuntu)"
"earth.mp4",10.375,1570024,1322592,"matroska","mpeg4","aac",0,17,"Firefox 70 (Ubuntu)"
"earth.mp4",10.306,1570024,1322592,"matroska","mpeg4","aac",0,18,"Firefox 70 (Ubuntu)"
"earth.mp4",10.285,1570024,1322592,"matroska","mpeg4","aac",0,19,"Firefox 70 (Ubuntu)"
"earth.mp4",9.95,1570024,1322592,"matroska","mpeg4","aac",0,20,"Firefox 70 (Ubuntu)"
"earth.mp4",10.126,1570024,1322592,"matroska","mpeg4","aac",0,21,"Firefox 70 (Ubuntu)"
"earth.mp4",10.271,1570024,1322592,"matroska","mpeg4","aac",0,22,"Firefox 70 (Ubuntu)"
"earth.mp4",10.262,1570024,1322592,"matroska","mpeg4","aac",0,23,"Firefox 70 (Ubuntu)"
"earth.mp4",10.223,1570024,1322592,"matroska","mpeg4","aac",0,24,"Firefox 70 (Ubuntu)"
"earth.mp4",10.053,1570024,1322592,"matroska","mpeg4","aac",0,25,"Firefox 70 (Ubuntu)"
"earth.mp4",10.048,1570024,1322592,"matroska","mpeg4","aac",0,26,"Firefox 70 (Ubuntu)"
"earth.mp4",10.289,1570024,1322592,"matroska","mpeg4","aac",0,27,"Firefox 70 (Ubuntu)"
"earth.mp4",10.234,1570024,1322592,"matroska","mpeg4","aac",0,28,"Firefox 70 (Ubuntu)"
"earth.mp4",10.291,1570024,1322592,"matroska","mpeg4","aac",0,29,"Firefox 70 (Ubuntu)"
"earth.mp4",10.193,1570024,1322592,"matroska","mpeg4","aac",0,30,"Firefox 70 (Ubuntu)"
"earth.mp4",10.388,1570024,1322592,"matroska","mpeg4","aac",0,31,"Firefox 70 (Ubuntu)"
"earth.mp4",10.299,1570024,1322592,"matroska","mpeg4","aac",0,32,"Firefox 70 (Ubuntu)"
"earth.mp4",10.461,1570024,1322592,"matroska","mpeg4","aac",0,33,"Firefox 70 (Ubuntu)"
"earth.mp4",10.4,1570024,1322592,"matroska","mpeg4","aac",0,34,"Firefox 70 (Ubuntu)"
"earth.mp4",10.435,1570024,1322592,"matroska","mpeg4","aac",0,35,"Firefox 70 (Ubuntu)"
"earth.mp4",10.258,1570024,1322592,"matroska","mpeg4","aac",0,36,"Firefox 70 (Ubuntu)"
"earth.mp4",10.369,1570024,1322592,"matroska","mpeg4","aac",0,37,"Firefox 70 (Ubuntu)"
"earth.mp4",10.368,1570024,1322592,"matroska","mpeg4","aac",0,38,"Firefox 70 (Ubuntu)"
"earth.mp4",10.051,1570024,1322592,"matroska","mpeg4","aac",0,39,"Firefox 70 (Ubuntu)"
"earth.mp4",10.177,1570024,1322592,"matroska","mpeg4","aac",0,40,"Firefox 70 (Ubuntu)"
"earth.mp4",10.358,1570024,1322592,"matroska","mpeg4","aac",0,41,"Firefox 70 (Ubuntu)"
"earth.mp4",10.25,1570024,1322592,"matroska","mpeg4","aac",0,42,"Firefox 70 (Ubuntu)"
"earth.mp4",10.406,1570024,1322592,"matroska","mpeg4","aac",0,43,"Firefox 70 (Ubuntu)"
"earth.mp4",10.402,1570024,1322592,"matroska","mpeg4","aac",0,44,"Firefox 70 (Ubuntu)"
"earth.mp4",10.083,1570024,1322592,"matroska","mpeg4","aac",0,45,"Firefox 70 (Ubuntu)"
"earth.mp4",10.204,1570024,1322592,"matroska","mpeg4","aac",0,46,"Firefox 70 (Ubuntu)"
"earth.mp4",10.545,1570024,1322592,"matroska","mpeg4","aac",0,47,"Firefox 70 (Ubuntu)"
"earth.mp4",10.329,1570024,1322592,"matroska","mpeg4","aac",0,48,"Firefox 70 (Ubuntu)"
"earth.mp4",10.302,1570024,1322592,"matroska","mpeg4","aac",0,49,"Firefox 70 (Ubuntu)"
"earth.mp4",10.478,1570024,1322592,"matroska","mpeg4","aac",0,50,"Firefox 70 (Ubuntu)"
"earth.mp4",3.842619999999897,1570024,1322592,"matroska","mpeg4","aac",1,1,"Chrome 78 (Windows)"
"earth.mp4",3.8563799999999446,1570024,1322592,"matroska","mpeg4","aac",1,2,"Chrome 78 (Windows)"
"earth.mp4",3.943319999999858,1570024,1322592,"matroska","mpeg4","aac",1,3,"Chrome 78 (Windows)"
"earth.mp4",4.127664999999979,1570024,1322592,"matroska","mpeg4","aac",1,4,"Chrome 78 (Windows)"
"earth.mp4",3.9222100000001774,1570024,1322592,"matroska","mpeg4","aac",1,5,"Chrome 78 (Windows)"
"earth.mp4",4.16849000000002,1570024,1322592,"matroska","mpeg4","aac",1,6,"Chrome 78 (Windows)"
"earth.mp4",4.050449999999955,1570024,1322592,"matroska","mpeg4","aac",1,7,"Chrome 78 (Windows)"
"earth.mp4",3.99116499999991,1570024,1322592,"matroska","mpeg4","aac",1,8,"Chrome 78 (Windows)"
"earth.mp4",3.9184700000000703,1570024,1322592,"matroska","mpeg4","aac",1,9,"Chrome 78 (Windows)"
"earth.mp4",4.142205000000104,1570024,1322592,"matroska","mpeg4","aac",1,10,"Chrome 78 (Windows)"
"earth.mp4",4.023685000000114,1570024,1322592,"matroska","mpeg4","aac",1,11,"Chrome 78 (Windows)"
"earth.mp4",3.965394999999944,1570024,1322592,"matroska","mpeg4","aac",1,12,"Chrome 78 (Windows)"
"earth.mp4",3.9406000000001313,1570024,1322592,"matroska","mpeg4","aac",1,13,"Chrome 78 (Windows)"
"earth.mp4",3.986024999999927,1570024,1322592,"matroska","mpeg4","aac",1,14,"Chrome 78 (Windows)"
"earth.mp4",4.0672400000000835,1570024,1322592,"matroska","mpeg4","aac",1,15,"Chrome 78 (Windows)"
"earth.mp4",4.207225000000108,1570024,1322592,"matroska","mpeg4","aac",1,16,"Chrome 78 (Windows)"
"earth.mp4",4.289674999999988,1570024,1322592,"matroska","mpeg4","aac",1,17,"Chrome 78 (Windows)"
"earth.mp4",4.128830000000107,1570024,1322592,"matroska","mpeg4","aac",1,18,"Chrome 78 (Windows)"
"earth.mp4",4.215220000000045,1570024,1322592,"matroska","mpeg4","aac",1,19,"Chrome 78 (Windows)"
"earth.mp4",4.201854999999796,1570024,1322592,"matroska","mpeg4","aac",1,20,"Chrome 78 (Windows)"
"earth.mp4",4.106930000000148,1570024,1322592,"matroska","mpeg4","aac",1,21,"Chrome 78 (Windows)"
"earth.mp4",4.141999999999825,1570024,1322592,"matroska","mpeg4","aac",1,22,"Chrome 78 (Windows)"
"earth.mp4",4.185960000000023,1570024,1322592,"matroska","mpeg4","aac",1,23,"Chrome 78 (Windows)"
"earth.mp4",4.07730000000015,1570024,1322592,"matroska","mpeg4","aac",1,24,"Chrome 78 (Windows)"
"earth.mp4",4.112920000000031,1570024,1322592,"matroska","mpeg4","aac",1,25,"Chrome 78 (Windows)"
"earth.mp4",4.108144999999922,1570024,1322592,"matroska","mpeg4","aac",1,26,"Chrome 78 (Windows)"
"earth.mp4",4.237654999999904,1570024,1322592,"matroska","mpeg4","aac",1,27,"Chrome 78 (Windows)"
"earth.mp4",4.204425000000128,1570024,1322592,"matroska","mpeg4","aac",1,28,"Chrome 78 (Windows)"
"earth.mp4",4.160705000000007,1570024,1322592,"matroska","mpeg4","aac",1,29,"Chrome 78 (Windows)"
"earth.mp4",4.299089999999978,1570024,1322592,"matroska","mpeg4","aac",1,30,"Chrome 78 (Windows)"
"earth.mp4",4.140069999999923,1570024,1322592,"matroska","mpeg4","aac",1,31,"Chrome 78 (Windows)"
"earth.mp4",4.125884999999926,1570024,1322592,"matroska","mpeg4","aac",1,32,"Chrome 78 (Windows)"
"earth.mp4",4.164919999999938,1570024,1322592,"matroska","mpeg4","aac",1,33,"Chrome 78 (Windows)"
"earth.mp4",4.141399999999976,1570024,1322592,"matroska","mpeg4","aac",1,34,"Chrome 78 (Windows)"
"earth.mp4",4.182770000000119,1570024,1322592,"matroska","mpeg4","aac",1,35,"Chrome 78 (Windows)"
"earth.mp4",4.052969999999959,1570024,1322592,"matroska","mpeg4","aac",1,36,"Chrome 78 (Windows)"
"earth.mp4",4.063505000000077,1570024,1322592,"matroska","mpeg4","aac",1,37,"Chrome 78 (Windows)"
"earth.mp4",4.213919999999916,1570024,1322592,"matroska","mpeg4","aac",1,38,"Chrome 78 (Windows)"
"earth.mp4",4.175244999999904,1570024,1322592,"matroska","mpeg4","aac",1,39,"Chrome 78 (Windows)"
"earth.mp4",4.1106499999998505,1570024,1322592,"matroska","mpeg4","aac",1,40,"Chrome 78 (Windows)"
"earth.mp4",4.327465000000075,1570024,1322592,"matroska","mpeg4","aac",1,41,"Chrome 78 (Windows)"
"earth.mp4",4.280069999999796,1570024,1322592,"matroska","mpeg4","aac",1,42,"Chrome 78 (Windows)"
"earth.mp4",4.149099999999862,1570024,1322592,"matroska","mpeg4","aac",1,43,"Chrome 78 (Windows)"
"earth.mp4",4.089645000000019,1570024,1322592,"matroska","mpeg4","aac",1,44,"Chrome 78 (Windows)"
"earth.mp4",4.0942099999999755,1570024,1322592,"matroska","mpeg4","aac",1,45,"Chrome 78 (Windows)"
"earth.mp4",4.171229999999923,1570024,1322592,"matroska","mpeg4","aac",1,46,"Chrome 78 (Windows)"
"earth.mp4",4.0575350000001436,1570024,1322592,"matroska","mpeg4","aac",1,47,"Chrome 78 (Windows)"
"earth.mp4",4.187885000000051,1570024,1322592,"matroska","mpeg4","aac",1,48,"Chrome 78 (Windows)"
"earth.mp4",4.1341449999999895,1570024,1322592,"matroska","mpeg4","aac",1,49,"Chrome 78 (Windows)"
"earth.mp4",4.146889999999985,1570024,1322592,"matroska","mpeg4","aac",1,50,"Chrome 78 (Windows)"
"earth.mp4",11.085025000000087,1570024,1322592,"matroska","mpeg4","aac",0,1,"Chrome 78 (Windows)"
"earth.mp4",11.382979999999861,1570024,1322592,"matroska","mpeg4","aac",0,2,"Chrome 78 (Windows)"
"earth.mp4",12.281970000000001,1570024,1322592,"matroska","mpeg4","aac",0,3,"Chrome 78 (Windows)"
"earth.mp4",11.434259999999995,1570024,1322592,"matroska","mpeg4","aac",0,4,"Chrome 78 (Windows)"
"earth.mp4",11.250835000000052,1570024,1322592,"matroska","mpeg4","aac",0,5,"Chrome 78 (Windows)"
"earth.mp4",11.299170000000004,1570024,1322592,"matroska","mpeg4","aac",0,6,"Chrome 78 (Windows)"
"earth.mp4",11.372880000000123,1570024,1322592,"matroska","mpeg4","aac",0,7,"Chrome 78 (Windows)"
"earth.mp4",11.1871000000001,1570024,1322592,"matroska","mpeg4","aac",0,8,"Chrome 78 (Windows)"
"earth.mp4",11.438550000000305,1570024,1322592,"matroska","mpeg4","aac",0,9,"Chrome 78 (Windows)"
"earth.mp4",11.257534999999734,1570024,1322592,"matroska","mpeg4","aac",0,10,"Chrome 78 (Windows)"
"earth.mp4",11.564420000000155,1570024,1322592,"matroska","mpeg4","aac",0,11,"Chrome 78 (Windows)"
"earth.mp4",11.46216000000004,1570024,1322592,"matroska","mpeg4","aac",0,12,"Chrome 78 (Windows)"
"earth.mp4",11.503430000000208,1570024,1322592,"matroska","mpeg4","aac",0,13,"Chrome 78 (Windows)"
"earth.mp4",11.738095000000158,1570024,1322592,"matroska","mpeg4","aac",0,14,"Chrome 78 (Windows)"
"earth.mp4",11.81092499999977,1570024,1322592,"matroska","mpeg4","aac",0,15,"Chrome 78 (Windows)"
"earth.mp4",11.258380000000216,1570024,1322592,"matroska","mpeg4","aac",0,16,"Chrome 78 (Windows)"
"earth.mp4",12.264350000000377,1570024,1322592,"matroska","mpeg4","aac",0,17,"Chrome 78 (Windows)"
"earth.mp4",11.387494999999944,1570024,1322592,"matroska","mpeg4","aac",0,18,"Chrome 78 (Windows)"
"earth.mp4",11.973084999999628,1570024,1322592,"matroska","mpeg4","aac",0,19,"Chrome 78 (Windows)"
"earth.mp4",11.692395000000033,1570024,1322592,"matroska","mpeg4","aac",0,20,"Chrome 78 (Windows)"
"earth.mp4",14.145825000000059,1570024,1322592,"matroska","mpeg4","aac",0,21,"Chrome 78 (Windows)"
"earth.mp4",14.186130000000048,1570024,1322592,"matroska","mpeg4","aac",0,22,"Chrome 78 (Windows)"
"earth.mp4",13.421850000000177,1570024,1322592,"matroska","mpeg4","aac",0,23,"Chrome 78 (Windows)"
"earth.mp4",13.384364999999889,1570024,1322592,"matroska","mpeg4","aac",0,24,"Chrome 78 (Windows)"
"earth.mp4",16.525595000000067,1570024,1322592,"matroska","mpeg4","aac",0,25,"Chrome 78 (Windows)"
"earth.mp4",13.811040000000048,1570024,1322592,"matroska","mpeg4","aac",0,26,"Chrome 78 (Windows)"
"earth.mp4",13.547160000000076,1570024,1322592,"matroska","mpeg4","aac",0,27,"Chrome 78 (Windows)"
"earth.mp4",13.283199999999852,1570024,1322592,"matroska","mpeg4","aac",0,28,"Chrome 78 (Windows)"
"earth.mp4",12.850225000000137,1570024,1322592,"matroska","mpeg4","aac",0,29,"Chrome 78 (Windows)"
"earth.mp4",13.455909999999676,1570024,1322592,"matroska","mpeg4","aac",0,30,"Chrome 78 (Windows)"
"earth.mp4",13.414285000000291,1570024,1322592,"matroska","mpeg4","aac",0,31,"Chrome 78 (Windows)"
"earth.mp4",13.370400000000245,1570024,1322592,"matroska","mpeg4","aac",0,32,"Chrome 78 (Windows)"
"earth.mp4",13.680104999999912,1570024,1322592,"matroska","mpeg4","aac",0,33,"Chrome 78 (Windows)"
"earth.mp4",13.957954999999856,1570024,1322592,"matroska","mpeg4","aac",0,34,"Chrome 78 (Windows)"
"earth.mp4",13.306880000000092,1570024,1322592,"matroska","mpeg4","aac",0,35,"Chrome 78 (Windows)"
"earth.mp4",14.2956250000002,1570024,1322592,"matroska","mpeg4","aac",0,36,"Chrome 78 (Windows)"
"earth.mp4",13.541400000000067,1570024,1322592,"matroska","mpeg4","aac",0,37,"Chrome 78 (Windows)"
"earth.mp4",11.931819999999789,1570024,1322592,"matroska","mpeg4","aac",0,38,"Chrome 78 (Windows)"
"earth.mp4",11.651924999999665,1570024,1322592,"matroska","mpeg4","aac",0,39,"Chrome 78 (Windows)"
"earth.mp4",11.710465000000113,1570024,1322592,"matroska","mpeg4","aac",0,40,"Chrome 78 (Windows)"
"earth.mp4",12.970229999999901,1570024,1322592,"matroska","mpeg4","aac",0,41,"Chrome 78 (Windows)"
"earth.mp4",11.64870000000019,1570024,1322592,"matroska","mpeg4","aac",0,42,"Chrome 78 (Windows)"
"earth.mp4",12.945014999999785,1570024,1322592,"matroska","mpeg4","aac",0,43,"Chrome 78 (Windows)"
"earth.mp4",11.50723999999991,1570024,1322592,"matroska","mpeg4","aac",0,44,"Chrome 78 (Windows)"
"earth.mp4",11.83522499999981,1570024,1322592,"matroska","mpeg4","aac",0,45,"Chrome 78 (Windows)"
"earth.mp4",11.787210000000414,1570024,1322592,"matroska","mpeg4","aac",0,46,"Chrome 78 (Windows)"
"earth.mp4",11.429249999999683,1570024,1322592,"matroska","mpeg4","aac",0,47,"Chrome 78 (Windows)"
"earth.mp4",11.414674999999988,1570024,1322592,"matroska","mpeg4","aac",0,48,"Chrome 78 (Windows)"
"earth.mp4",13.113894999999957,1570024,1322592,"matroska","mpeg4","aac",0,49,"Chrome 78 (Windows)"
"earth.mp4",11.61360999999988,1570024,1322592,"matroska","mpeg4","aac",0,50,"Chrome 78 (Windows)"
"earth.mp4",3.6208,1570024,1322592,"matroska","mpeg4","aac",1,1,"Edge 18"
"earth.mp4",3.6632999999999995,1570024,1322592,"matroska","mpeg4","aac",1,2,"Edge 18"
"earth.mp4",3.6004,1570024,1322592,"matroska","mpeg4","aac",1,3,"Edge 18"
"earth.mp4",3.5839000000000003,1570024,1322592,"matroska","mpeg4","aac",1,4,"Edge 18"
"earth.mp4",3.7215,1570024,1322592,"matroska","mpeg4","aac",1,5,"Edge 18"
"earth.mp4",3.6758999999999995,1570024,1322592,"matroska","mpeg4","aac",1,6,"Edge 18"
"earth.mp4",3.6651,1570024,1322592,"matroska","mpeg4","aac",1,7,"Edge 18"
"earth.mp4",3.6925,1570024,1322592,"matroska","mpeg4","aac",1,8,"Edge 18"
"earth.mp4",3.6767999999999996,1570024,1322592,"matroska","mpeg4","aac",1,9,"Edge 18"
"earth.mp4",3.6849000000000003,1570024,1322592,"matroska","mpeg4","aac",1,10,"Edge 18"
"earth.mp4",3.7029,1570024,1322592,"matroska","mpeg4","aac",1,11,"Edge 18"
"earth.mp4",3.767,1570024,1322592,"matroska","mpeg4","aac",1,12,"Edge 18"
"earth.mp4",3.7034000000000002,1570024,1322592,"matroska","mpeg4","aac",1,13,"Edge 18"
"earth.mp4",3.7062000000000004,1570024,1322592,"matroska","mpeg4","aac",1,14,"Edge 18"
"earth.mp4",3.639,1570024,1322592,"matroska","mpeg4","aac",1,15,"Edge 18"
"earth.mp4",3.6655,1570024,1322592,"matroska","mpeg4","aac",1,16,"Edge 18"
"earth.mp4",3.6711,1570024,1322592,"matroska","mpeg4","aac",1,17,"Edge 18"
"earth.mp4",3.6302,1570024,1322592,"matroska","mpeg4","aac",1,18,"Edge 18"
"earth.mp4",3.6399,1570024,1322592,"matroska","mpeg4","aac",1,19,"Edge 18"
"earth.mp4",3.6806,1570024,1322592,"matroska","mpeg4","aac",1,20,"Edge 18"
"earth.mp4",3.65,1570024,1322592,"matroska","mpeg4","aac",1,21,"Edge 18"
"earth.mp4",3.7516,1570024,1322592,"matroska","mpeg4","aac",1,22,"Edge 18"
"earth.mp4",3.728,1570024,1322592,"matroska","mpeg4","aac",1,23,"Edge 18"
"earth.mp4",3.7154000000000002,1570024,1322592,"matroska","mpeg4","aac",1,24,"Edge 18"
"earth.mp4",3.7451999999999996,1570024,1322592,"matroska","mpeg4","aac",1,25,"Edge 18"
"earth.mp4",3.6705,1570024,1322592,"matroska","mpeg4","aac",1,26,"Edge 18"
"earth.mp4",3.664,1570024,1322592,"matroska","mpeg4","aac",1,27,"Edge 18"
"earth.mp4",3.6778999999999997,1570024,1322592,"matroska","mpeg4","aac",1,28,"Edge 18"
"earth.mp4",3.667,1570024,1322592,"matroska","mpeg4","aac",1,29,"Edge 18"
"earth.mp4",3.6406,1570024,1322592,"matroska","mpeg4","aac",1,30,"Edge 18"
"earth.mp4",3.6686,1570024,1322592,"matroska","mpeg4","aac",1,31,"Edge 18"
"earth.mp4",3.7097999999999995,1570024,1322592,"matroska","mpeg4","aac",1,32,"Edge 18"
"earth.mp4",3.6729000000000002,1570024,1322592,"matroska","mpeg4","aac",1,33,"Edge 18"
"earth.mp4",3.6895,1570024,1322592,"matroska","mpeg4","aac",1,34,"Edge 18"
"earth.mp4",3.695,1570024,1322592,"matroska","mpeg4","aac",1,35,"Edge 18"
"earth.mp4",3.6813,1570024,1322592,"matroska","mpeg4","aac",1,36,"Edge 18"
"earth.mp4",3.6579,1570024,1322592,"matroska","mpeg4","aac",1,37,"Edge 18"
"earth.mp4",3.7052000000000005,1570024,1322592,"matroska","mpeg4","aac",1,38,"Edge 18"
"earth.mp4",3.6913,1570024,1322592,"matroska","mpeg4","aac",1,39,"Edge 18"
"earth.mp4",3.7178,1570024,1322592,"matroska","mpeg4","aac",1,40,"Edge 18"
"earth.mp4",3.7833999999999994,1570024,1322592,"matroska","mpeg4","aac",1,41,"Edge 18"
"earth.mp4",3.7051000000000003,1570024,1322592,"matroska","mpeg4","aac",1,42,"Edge 18"
"earth.mp4",3.6702,1570024,1322592,"matroska","mpeg4","aac",1,43,"Edge 18"
"earth.mp4",3.7037,1570024,1322592,"matroska","mpeg4","aac",1,44,"Edge 18"
"earth.mp4",3.7016999999999997,1570024,1322592,"matroska","mpeg4","aac",1,45,"Edge 18"
"earth.mp4",3.7245999999999997,1570024,1322592,"matroska","mpeg4","aac",1,46,"Edge 18"
"earth.mp4",3.6997,1570024,1322592,"matroska","mpeg4","aac",1,47,"Edge 18"
"earth.mp4",3.7093999999999996,1570024,1322592,"matroska","mpeg4","aac",1,48,"Edge 18"
"earth.mp4",3.6908000000000003,1570024,1322592,"matroska","mpeg4","aac",1,49,"Edge 18"
"earth.mp4",3.7121,1570024,1322592,"matroska","mpeg4","aac",1,50,"Edge 18"
"earth.mp4",11.264299999999998,1570024,1322592,"matroska","mpeg4","aac",0,1,"Edge 18"
"earth.mp4",11.204600000000001,1570024,1322592,"matroska","mpeg4","aac",0,2,"Edge 18"
"earth.mp4",11.426300000000001,1570024,1322592,"matroska","mpeg4","aac",0,3,"Edge 18"
"earth.mp4",11.475900000000001,1570024,1322592,"matroska","mpeg4","aac",0,4,"Edge 18"
"earth.mp4",11.2985,1570024,1322592,"matroska","mpeg4","aac",0,5,"Edge 18"
"earth.mp4",11.244,1570024,1322592,"matroska","mpeg4","aac",0,6,"Edge 18"
"earth.mp4",11.6426,1570024,1322592,"matroska","mpeg4","aac",0,7,"Edge 18"
"earth.mp4",11.305400000000002,1570024,1322592,"matroska","mpeg4","aac",0,8,"Edge 18"
"earth.mp4",11.566,1570024,1322592,"matroska","mpeg4","aac",0,9,"Edge 18"
"earth.mp4",11.565,1570024,1322592,"matroska","mpeg4","aac",0,10,"Edge 18"
"earth.mp4",11.3722,1570024,1322592,"matroska","mpeg4","aac",0,11,"Edge 18"
"earth.mp4",11.518799999999998,1570024,1322592,"matroska","mpeg4","aac",0,12,"Edge 18"
"earth.mp4",11.807,1570024,1322592,"matroska","mpeg4","aac",0,13,"Edge 18"
"earth.mp4",11.0591,1570024,1322592,"matroska","mpeg4","aac",0,14,"Edge 18"
"earth.mp4",11.347599999999998,1570024,1322592,"matroska","mpeg4","aac",0,15,"Edge 18"
"earth.mp4",11.3726,1570024,1322592,"matroska","mpeg4","aac",0,16,"Edge 18"
"earth.mp4",11.6229,1570024,1322592,"matroska","mpeg4","aac",0,17,"Edge 18"
"earth.mp4",11.648900000000001,1570024,1322592,"matroska","mpeg4","aac",0,18,"Edge 18"
"earth.mp4",11.4506,1570024,1322592,"matroska","mpeg4","aac",0,19,"Edge 18"
"earth.mp4",11.132699999999998,1570024,1322592,"matroska","mpeg4","aac",0,20,"Edge 18"
"earth.mp4",11.040799999999999,1570024,1322592,"matroska","mpeg4","aac",0,21,"Edge 18"
"earth.mp4",11.250200000000001,1570024,1322592,"matroska","mpeg4","aac",0,22,"Edge 18"
"earth.mp4",11.3223,1570024,1322592,"matroska","mpeg4","aac",0,23,"Edge 18"
"earth.mp4",11.414299999999999,1570024,1322592,"matroska","mpeg4","aac",0,24,"Edge 18"
"earth.mp4",11.1453,1570024,1322592,"matroska","mpeg4","aac",0,25,"Edge 18"
"earth.mp4",11.325899999999999,1570024,1322592,"matroska","mpeg4","aac",0,26,"Edge 18"
"earth.mp4",11.226,1570024,1322592,"matroska","mpeg4","aac",0,27,"Edge 18"
"earth.mp4",11.425699999999999,1570024,1322592,"matroska","mpeg4","aac",0,28,"Edge 18"
"earth.mp4",11.2751,1570024,1322592,"matroska","mpeg4","aac",0,29,"Edge 18"
"earth.mp4",11.2625,1570024,1322592,"matroska","mpeg4","aac",0,30,"Edge 18"
"earth.mp4",11.118,1570024,1322592,"matroska","mpeg4","aac",0,31,"Edge 18"
"earth.mp4",11.608699999999999,1570024,1322592,"matroska","mpeg4","aac",0,32,"Edge 18"
"earth.mp4",11.660699999999998,1570024,1322592,"matroska","mpeg4","aac",0,33,"Edge 18"
"earth.mp4",11.171899999999999,1570024,1322592,"matroska","mpeg4","aac",0,34,"Edge 18"
"earth.mp4",11.3552,1570024,1322592,"matroska","mpeg4","aac",0,35,"Edge 18"
"earth.mp4",11.435400000000001,1570024,1322592,"matroska","mpeg4","aac",0,36,"Edge 18"
"earth.mp4",11.4822,1570024,1322592,"matroska","mpeg4","aac",0,37,"Edge 18"
"earth.mp4",11.430699999999998,1570024,1322592,"matroska","mpeg4","aac",0,38,"Edge 18"
"earth.mp4",11.6472,1570024,1322592,"matroska","mpeg4","aac",0,39,"Edge 18"
"earth.mp4",11.238700000000001,1570024,1322592,"matroska","mpeg4","aac",0,40,"Edge 18"
"earth.mp4",11.2355,1570024,1322592,"matroska","mpeg4","aac",0,41,"Edge 18"
"earth.mp4",11.024299999999998,1570024,1322592,"matroska","mpeg4","aac",0,42,"Edge 18"
"earth.mp4",11.668299999999998,1570024,1322592,"matroska","mpeg4","aac",0,43,"Edge 18"
"earth.mp4",11.4176,1570024,1322592,"matroska","mpeg4","aac",0,44,"Edge 18"
"earth.mp4",11.406799999999998,1570024,1322592,"matroska","mpeg4","aac",0,45,"Edge 18"
"earth.mp4",11.5105,1570024,1322592,"matroska","mpeg4","aac",0,46,"Edge 18"
"earth.mp4",11.007700000000001,1570024,1322592,"matroska","mpeg4","aac",0,47,"Edge 18"
"earth.mp4",11.0109,1570024,1322592,"matroska","mpeg4","aac",0,48,"Edge 18"
"earth.mp4",11.035200000000001,1570024,1322592,"matroska","mpeg4","aac",0,49,"Edge 18"
"earth.mp4",11.1324,1570024,1322592,"matroska","mpeg4","aac",0,50,"Edge 18"
"earth.mp4",3.224,1570024,1322592,"matroska","mpeg4","aac",1,1,"Firefox 70 (Windows)"
"earth.mp4",3.272,1570024,1322592,"matroska","mpeg4","aac",1,2,"Firefox 70 (Windows)"
"earth.mp4",3.272,1570024,1322592,"matroska","mpeg4","aac",1,3,"Firefox 70 (Windows)"
"earth.mp4",3.281,1570024,1322592,"matroska","mpeg4","aac",1,4,"Firefox 70 (Windows)"
"earth.mp4",3.343,1570024,1322592,"matroska","mpeg4","aac",1,5,"Firefox 70 (Windows)"
"earth.mp4",3.35,1570024,1322592,"matroska","mpeg4","aac",1,6,"Firefox 70 (Windows)"
"earth.mp4",3.636,1570024,1322592,"matroska","mpeg4","aac",1,7,"Firefox 70 (Windows)"
"earth.mp4",3.357,1570024,1322592,"matroska","mpeg4","aac",1,8,"Firefox 70 (Windows)"
"earth.mp4",3.315,1570024,1322592,"matroska","mpeg4","aac",1,9,"Firefox 70 (Windows)"
"earth.mp4",3.334,1570024,1322592,"matroska","mpeg4","aac",1,10,"Firefox 70 (Windows)"
"earth.mp4",3.367,1570024,1322592,"matroska","mpeg4","aac",1,11,"Firefox 70 (Windows)"
"earth.mp4",3.458,1570024,1322592,"matroska","mpeg4","aac",1,12,"Firefox 70 (Windows)"
"earth.mp4",3.301,1570024,1322592,"matroska","mpeg4","aac",1,13,"Firefox 70 (Windows)"
"earth.mp4",3.385,1570024,1322592,"matroska","mpeg4","aac",1,14,"Firefox 70 (Windows)"
"earth.mp4",3.299,1570024,1322592,"matroska","mpeg4","aac",1,15,"Firefox 70 (Windows)"
"earth.mp4",3.373,1570024,1322592,"matroska","mpeg4","aac",1,16,"Firefox 70 (Windows)"
"earth.mp4",3.35,1570024,1322592,"matroska","mpeg4","aac",1,17,"Firefox 70 (Windows)"
"earth.mp4",3.331,1570024,1322592,"matroska","mpeg4","aac",1,18,"Firefox 70 (Windows)"
"earth.mp4",3.342,1570024,1322592,"matroska","mpeg4","aac",1,19,"Firefox 70 (Windows)"
"earth.mp4",3.327,1570024,1322592,"matroska","mpeg4","aac",1,20,"Firefox 70 (Windows)"
"earth.mp4",3.406,1570024,1322592,"matroska","mpeg4","aac",1,21,"Firefox 70 (Windows)"
"earth.mp4",3.383,1570024,1322592,"matroska","mpeg4","aac",1,22,"Firefox 70 (Windows)"
"earth.mp4",3.384,1570024,1322592,"matroska","mpeg4","aac",1,23,"Firefox 70 (Windows)"
"earth.mp4",3.384,1570024,1322592,"matroska","mpeg4","aac",1,24,"Firefox 70 (Windows)"
"earth.mp4",3.424,1570024,1322592,"matroska","mpeg4","aac",1,25,"Firefox 70 (Windows)"
"earth.mp4",3.426,1570024,1322592,"matroska","mpeg4","aac",1,26,"Firefox 70 (Windows)"
"earth.mp4",3.44,1570024,1322592,"matroska","mpeg4","aac",1,27,"Firefox 70 (Windows)"
"earth.mp4",3.329,1570024,1322592,"matroska","mpeg4","aac",1,28,"Firefox 70 (Windows)"
"earth.mp4",3.312,1570024,1322592,"matroska","mpeg4","aac",1,29,"Firefox 70 (Windows)"
"earth.mp4",3.321,1570024,1322592,"matroska","mpeg4","aac",1,30,"Firefox 70 (Windows)"
"earth.mp4",3.361,1570024,1322592,"matroska","mpeg4","aac",1,31,"Firefox 70 (Windows)"
"earth.mp4",3.356,1570024,1322592,"matroska","mpeg4","aac",1,32,"Firefox 70 (Windows)"
"earth.mp4",3.419,1570024,1322592,"matroska","mpeg4","aac",1,33,"Firefox 70 (Windows)"
"earth.mp4",3.356,1570024,1322592,"matroska","mpeg4","aac",1,34,"Firefox 70 (Windows)"
"earth.mp4",3.321,1570024,1322592,"matroska","mpeg4","aac",1,35,"Firefox 70 (Windows)"
"earth.mp4",3.396,1570024,1322592,"matroska","mpeg4","aac",1,36,"Firefox 70 (Windows)"
"earth.mp4",3.447,1570024,1322592,"matroska","mpeg4","aac",1,37,"Firefox 70 (Windows)"
"earth.mp4",3.401,1570024,1322592,"matroska","mpeg4","aac",1,38,"Firefox 70 (Windows)"
"earth.mp4",3.347,1570024,1322592,"matroska","mpeg4","aac",1,39,"Firefox 70 (Windows)"
"earth.mp4",3.425,1570024,1322592,"matroska","mpeg4","aac",1,40,"Firefox 70 (Windows)"
"earth.mp4",3.426,1570024,1322592,"matroska","mpeg4","aac",1,41,"Firefox 70 (Windows)"
"earth.mp4",3.455,1570024,1322592,"matroska","mpeg4","aac",1,42,"Firefox 70 (Windows)"
"earth.mp4",3.327,1570024,1322592,"matroska","mpeg4","aac",1,43,"Firefox 70 (Windows)"
"earth.mp4",3.454,1570024,1322592,"matroska","mpeg4","aac",1,44,"Firefox 70 (Windows)"
"earth.mp4",3.332,1570024,1322592,"matroska","mpeg4","aac",1,45,"Firefox 70 (Windows)"
"earth.mp4",3.355,1570024,1322592,"matroska","mpeg4","aac",1,46,"Firefox 70 (Windows)"
"earth.mp4",3.393,1570024,1322592,"matroska","mpeg4","aac",1,47,"Firefox 70 (Windows)"
"earth.mp4",3.328,1570024,1322592,"matroska","mpeg4","aac",1,48,"Firefox 70 (Windows)"
"earth.mp4",3.331,1570024,1322592,"matroska","mpeg4","aac",1,49,"Firefox 70 (Windows)"
"earth.mp4",3.445,1570024,1322592,"matroska","mpeg4","aac",1,50,"Firefox 70 (Windows)"
"earth.mp4",10.033,1570024,1322592,"matroska","mpeg4","aac",0,1,"Firefox 70 (Windows)"
"earth.mp4",10.54,1570024,1322592,"matroska","mpeg4","aac",0,2,"Firefox 70 (Windows)"
"earth.mp4",9.953,1570024,1322592,"matroska","mpeg4","aac",0,3,"Firefox 70 (Windows)"
"earth.mp4",9.943,1570024,1322592,"matroska","mpeg4","aac",0,4,"Firefox 70 (Windows)"
"earth.mp4",10.019,1570024,1322592,"matroska","mpeg4","aac",0,5,"Firefox 70 (Windows)"
"earth.mp4",9.911,1570024,1322592,"matroska","mpeg4","aac",0,6,"Firefox 70 (Windows)"
"earth.mp4",10.126,1570024,1322592,"matroska","mpeg4","aac",0,7,"Firefox 70 (Windows)"
"earth.mp4",9.96,1570024,1322592,"matroska","mpeg4","aac",0,8,"Firefox 70 (Windows)"
"earth.mp4",9.933,1570024,1322592,"matroska","mpeg4","aac",0,9,"Firefox 70 (Windows)"
"earth.mp4",9.998,1570024,1322592,"matroska","mpeg4","aac",0,10,"Firefox 70 (Windows)"
"earth.mp4",10.088,1570024,1322592,"matroska","mpeg4","aac",0,11,"Firefox 70 (Windows)"
"earth.mp4",9.844,1570024,1322592,"matroska","mpeg4","aac",0,12,"Firefox 70 (Windows)"
"earth.mp4",10.011,1570024,1322592,"matroska","mpeg4","aac",0,13,"Firefox 70 (Windows)"
"earth.mp4",9.998,1570024,1322592,"matroska","mpeg4","aac",0,14,"Firefox 70 (Windows)"
"earth.mp4",9.993,1570024,1322592,"matroska","mpeg4","aac",0,15,"Firefox 70 (Windows)"
"earth.mp4",9.907,1570024,1322592,"matroska","mpeg4","aac",0,16,"Firefox 70 (Windows)"
"earth.mp4",9.958,1570024,1322592,"matroska","mpeg4","aac",0,17,"Firefox 70 (Windows)"
"earth.mp4",9.942,1570024,1322592,"matroska","mpeg4","aac",0,18,"Firefox 70 (Windows)"
"earth.mp4",10.041,1570024,1322592,"matroska","mpeg4","aac",0,19,"Firefox 70 (Windows)"
"earth.mp4",9.96,1570024,1322592,"matroska","mpeg4","aac",0,20,"Firefox 70 (Windows)"
"earth.mp4",10.089,1570024,1322592,"matroska","mpeg4","aac",0,21,"Firefox 70 (Windows)"
"earth.mp4",9.978,1570024,1322592,"matroska","mpeg4","aac",0,22,"Firefox 70 (Windows)"
"earth.mp4",10.108,1570024,1322592,"matroska","mpeg4","aac",0,23,"Firefox 70 (Windows)"
"earth.mp4",10.264,1570024,1322592,"matroska","mpeg4","aac",0,24,"Firefox 70 (Windows)"
"earth.mp4",10.863,1570024,1322592,"matroska","mpeg4","aac",0,25,"Firefox 70 (Windows)"
"earth.mp4",9.954,1570024,1322592,"matroska","mpeg4","aac",0,26,"Firefox 70 (Windows)"
"earth.mp4",10.072,1570024,1322592,"matroska","mpeg4","aac",0,27,"Firefox 70 (Windows)"
"earth.mp4",9.992,1570024,1322592,"matroska","mpeg4","aac",0,28,"Firefox 70 (Windows)"
"earth.mp4",10.573,1570024,1322592,"matroska","mpeg4","aac",0,29,"Firefox 70 (Windows)"
"earth.mp4",11.036,1570024,1322592,"matroska","mpeg4","aac",0,30,"Firefox 70 (Windows)"
"earth.mp4",10.098,1570024,1322592,"matroska","mpeg4","aac",0,31,"Firefox 70 (Windows)"
"earth.mp4",9.991,1570024,1322592,"matroska","mpeg4","aac",0,32,"Firefox 70 (Windows)"
"earth.mp4",9.994,1570024,1322592,"matroska","mpeg4","aac",0,33,"Firefox 70 (Windows)"
"earth.mp4",9.932,1570024,1322592,"matroska","mpeg4","aac",0,34,"Firefox 70 (Windows)"
"earth.mp4",10.17,1570024,1322592,"matroska","mpeg4","aac",0,35,"Firefox 70 (Windows)"
"earth.mp4",10.034,1570024,1322592,"matroska","mpeg4","aac",0,36,"Firefox 70 (Windows)"
"earth.mp4",10.316,1570024,1322592,"matroska","mpeg4","aac",0,37,"Firefox 70 (Windows)"
"earth.mp4",10.017,1570024,1322592,"matroska","mpeg4","aac",0,38,"Firefox 70 (Windows)"
"earth.mp4",10.051,1570024,1322592,"matroska","mpeg4","aac",0,39,"Firefox 70 (Windows)"
"earth.mp4",9.954,1570024,1322592,"matroska","mpeg4","aac",0,40,"Firefox 70 (Windows)"
"earth.mp4",10.114,1570024,1322592,"matroska","mpeg4","aac",0,41,"Firefox 70 (Windows)"
"earth.mp4",9.94,1570024,1322592,"matroska","mpeg4","aac",0,42,"Firefox 70 (Windows)"
"earth.mp4",10.067,1570024,1322592,"matroska","mpeg4","aac",0,43,"Firefox 70 (Windows)"
"earth.mp4",9.977,1570024,1322592,"matroska","mpeg4","aac",0,44,"Firefox 70 (Windows)"
"earth.mp4",10.135,1570024,1322592,"matroska","mpeg4","aac",0,45,"Firefox 70 (Windows)"
"earth.mp4",9.975,1570024,1322592,"matroska","mpeg4","aac",0,46,"Firefox 70 (Windows)"
"earth.mp4",10.061,1570024,1322592,"matroska","mpeg4","aac",0,47,"Firefox 70 (Windows)"
"earth.mp4",9.931,1570024,1322592,"matroska","mpeg4","aac",0,48,"Firefox 70 (Windows)"
"earth.mp4",10.065,1570024,1322592,"matroska","mpeg4","aac",0,49,"Firefox 70 (Windows)"
"earth.mp4",9.917,1570024,1322592,"matroska","mpeg4","aac",0,50,"Firefox 70 (Windows)"
